,AccelX,AccelY,AccelZ,GyroX,GyroY,GyroZ,Mode
0,9.14,1.25,3.8,-0.71,-0.25,-0.04,2.0
1,10.3,0.93,4.17,-0.5,-0.2,0.02,2.0
2,9.96,1.25,3.5,-0.51,-0.05,0.02,2.0
3,9.4,1.1,4.14,-0.56,-0.08,-0.01,2.0
4,9.86,1.16,2.68,-0.56,-0.11,-0.03,2.0
5,9.87,1.08,2.64,-0.58,-0.09,-0.04,2.0
6,10.29,1.23,1.64,-0.58,0.07,-0.01,2.0
7,9.96,1.28,1.92,-0.69,0.07,-0.03,2.0
8,9.05,1.26,4.06,-0.65,0.11,-0.09,2.0
9,9.0,1.16,4.12,-0.62,0.07,-0.04,2.0
10,8.9,1.3,4.04,-0.67,-0.15,-0.04,2.0
11,10.46,1.09,3.68,-0.62,-0.22,-0.06,2.0
12,9.69,1.21,3.73,-0.58,-0.14,-0.04,2.0
13,9.76,1.2,3.38,-0.55,-0.17,-0.03,2.0
14,9.87,1.28,3.32,-0.55,-0.13,-0.03,2.0
15,9.77,1.19,3.18,-0.54,-0.13,-0.03,2.0
16,9.85,1.21,3.12,-0.54,-0.11,-0.02,2.0
17,9.97,1.27,3.17,-0.57,-0.08,-0.01,2.0
18,9.89,1.24,3.09,-0.58,-0.04,-0.01,2.0
19,9.78,1.43,3.21,-0.62,-0.09,-0.05,2.0
20,9.88,1.44,3.07,-0.61,-0.06,-0.04,2.0
21,9.87,1.29,2.44,-0.6,-0.11,-0.03,2.0
22,9.36,0.99,4.19,-0.62,0.16,-0.01,2.0
23,9.74,1.11,3.57,-0.61,-0.05,-0.01,2.0
24,9.61,0.75,3.88,-0.56,0.13,0.01,2.0
25,9.41,1.25,4.37,-0.57,-0.23,0.01,2.0
26,9.53,1.23,4.19,-0.59,-0.17,-0.0,2.0
27,9.45,1.14,3.98,-0.64,-0.15,-0.01,2.0
28,9.69,1.08,4.01,-0.61,-0.17,-0.01,2.0
29,8.52,1.0,5.18,-0.59,0.16,-0.01,2.0
30,8.29,1.0,5.91,-0.58,0.08,-0.06,2.0
31,8.78,1.04,5.46,-0.51,-0.59,0.0,2.0
32,9.17,1.23,5.35,-0.52,-0.52,-0.0,2.0
33,9.17,1.1,4.25,-0.56,-0.53,-0.01,2.0
34,9.64,0.94,3.64,-0.59,0.23,-0.05,2.0
35,9.59,1.19,3.5,-0.59,-0.13,-0.03,2.0
36,9.62,1.25,3.21,-0.63,0.0,-0.02,2.0
37,9.84,1.3,2.98,-0.64,0.13,-0.01,2.0
38,9.79,1.09,3.07,-0.6,-0.12,-0.05,2.0
39,9.89,1.09,3.0,-0.6,-0.1,-0.04,2.0
40,9.64,1.17,3.68,-0.63,-0.38,0.0,2.0
41,9.92,0.93,3.75,-0.6,-0.31,-0.01,2.0
42,10.15,0.82,3.16,-0.54,0.11,-0.07,2.0
43,9.71,1.47,3.03,-0.48,-0.14,-0.07,2.0
44,9.87,1.21,2.82,-0.66,-0.19,0.05,2.0
45,9.91,1.14,2.75,-0.63,-0.11,0.01,2.0
46,10.06,1.53,2.39,-0.66,-0.13,-0.03,2.0
47,10.46,0.69,1.87,-0.29,-0.18,-0.12,2.0
48,10.1,1.29,2.04,-0.65,-0.0,-0.01,2.0
49,9.66,1.53,2.15,-0.56,0.0,-0.06,2.0
50,9.72,1.26,3.61,-0.33,-0.04,0.04,2.0
51,9.99,1.68,1.67,-0.38,0.1,-0.06,2.0
52,10.04,1.45,2.42,-0.44,-0.22,0.0,2.0
53,10.0,1.3,2.15,-0.59,-0.13,-0.03,2.0
54,10.12,1.25,1.98,-0.66,-0.06,-0.04,2.0
55,9.75,1.23,3.38,-0.63,0.07,-0.03,2.0
56,9.89,1.28,2.6,-0.61,-0.08,-0.06,2.0
57,9.02,1.97,4.88,-0.71,0.18,-0.01,2.0
58,8.87,0.47,4.42,-0.75,-0.06,-0.01,2.0
59,9.35,0.24,4.14,-0.56,-0.22,-0.07,2.0
60,9.71,1.24,3.47,-0.57,-0.14,-0.02,2.0
61,9.71,0.91,3.28,-0.54,-0.15,-0.02,2.0
62,9.98,1.24,3.15,-0.59,-0.06,-0.06,2.0
63,9.62,1.05,3.19,-0.68,-0.01,-0.04,2.0
64,9.98,1.02,2.79,-0.7,0.78,-0.03,2.0
65,9.06,0.72,4.83,-0.65,0.27,-0.03,2.0
66,9.42,0.91,4.64,-0.51,-0.26,-0.03,2.0
67,10.01,1.18,3.58,-0.66,0.37,-0.03,2.0
68,9.45,0.83,4.37,-0.62,0.16,-0.04,2.0
69,9.06,0.76,4.98,-0.64,0.12,-0.01,2.0
70,9.56,0.96,3.56,-0.57,0.01,-0.02,2.0
71,9.18,1.1,4.25,-0.55,0.16,-0.04,2.0
72,10.14,0.63,3.04,-0.55,-0.28,-0.03,2.0
73,9.24,1.22,3.94,-0.69,0.13,-0.08,2.0
74,9.41,0.73,3.39,-0.59,-0.04,-0.01,2.0
75,9.72,1.19,3.33,-0.58,-0.11,-0.03,2.0
76,9.66,1.18,3.4,-0.57,-0.09,-0.02,2.0
77,9.91,1.29,2.75,-0.58,-0.15,-0.03,2.0
78,9.87,1.34,2.68,-0.57,-0.15,-0.03,2.0
79,9.89,1.24,2.55,-0.62,-0.15,-0.01,2.0
80,10.02,1.32,2.54,-0.56,-0.1,-0.02,2.0
81,10.0,1.29,2.4,-0.58,-0.09,-0.02,2.0
82,10.02,1.37,2.27,-0.6,-0.06,-0.03,2.0
83,10.09,1.48,2.2,-0.64,0.02,0.03,2.0
84,9.75,0.59,3.19,-0.6,0.04,0.0,2.0
85,9.59,1.12,3.1,-0.52,0.12,-0.0,2.0
86,9.66,1.42,3.21,-0.74,-0.09,-0.14,2.0
87,9.97,1.52,1.9,-0.48,-0.13,0.03,2.0
88,10.02,1.52,2.0,-0.5,-0.05,0.02,2.0
89,9.89,0.85,2.95,-0.68,0.15,0.05,2.0
90,9.95,1.28,2.98,-0.57,-0.05,-0.03,2.0
91,9.54,1.22,3.88,-0.5,0.14,0.01,2.0
92,10.21,1.6,3.59,-0.68,1.34,-0.15,2.0
93,8.19,0.84,5.37,-0.75,0.75,-0.07,2.0
94,9.6,1.21,3.58,-0.63,-0.06,-0.04,2.0
95,9.79,1.1,3.36,-0.63,-0.08,-0.02,2.0
96,9.73,1.16,3.22,-0.59,-0.09,-0.02,2.0
97,9.27,1.52,4.66,-0.54,-0.08,-0.02,2.0
98,9.38,1.44,4.38,-0.6,-0.06,-0.02,2.0
99,9.58,1.41,3.55,-0.64,-0.1,-0.03,2.0
100,9.74,1.45,3.53,-0.65,-0.09,-0.04,2.0
101,9.34,1.16,4.56,-0.54,-0.19,0.02,2.0
102,9.44,1.11,4.29,-0.56,-0.18,0.01,2.0
103,9.55,1.07,4.35,-0.52,-0.14,-0.02,2.0
104,9.62,0.93,4.46,-0.54,-0.04,-0.01,2.0
105,9.32,1.13,4.27,-0.53,-0.05,-0.0,2.0
106,9.55,1.28,3.9,-0.6,-0.16,-0.04,2.0
107,9.56,1.26,3.69,-0.59,-0.17,-0.04,2.0
108,9.63,1.28,3.61,-0.59,-0.19,-0.02,2.0
109,9.82,1.27,3.45,-0.6,-0.12,-0.02,2.0
110,9.68,1.28,3.43,-0.62,-0.14,-0.02,2.0
111,9.76,1.17,3.39,-0.6,-0.08,-0.02,2.0
112,9.95,1.25,3.24,-0.6,0.0,-0.03,2.0
113,9.9,1.17,2.29,-0.59,-0.03,-0.02,2.0
114,9.82,1.02,3.64,-0.6,0.41,-0.02,2.0
115,9.65,1.02,3.45,-0.56,0.23,-0.03,2.0
116,9.63,1.11,3.81,-0.55,0.21,-0.04,2.0
117,9.34,1.06,4.53,-0.63,0.19,-0.05,2.0
118,9.34,1.41,5.09,-0.56,0.0,-0.04,2.0
119,9.65,1.12,3.65,-0.63,-0.15,-0.01,2.0
120,9.63,1.02,3.5,-0.64,-0.14,-0.01,2.0
121,9.73,1.0,3.34,-0.65,-0.15,-0.01,2.0
122,9.87,1.12,3.16,-0.65,-0.09,-0.02,2.0
123,9.81,1.01,3.13,-0.65,-0.08,-0.02,2.0
124,9.98,1.3,2.7,-0.57,-0.07,-0.02,2.0
125,9.82,1.38,3.08,-0.56,0.03,-0.02,2.0
126,9.82,1.07,2.98,-0.59,0.04,-0.01,2.0
127,9.93,1.18,2.94,-0.65,0.22,-0.01,2.0
128,9.69,1.22,3.96,-0.64,0.25,-0.03,2.0
129,9.34,0.91,4.75,-0.58,-0.21,-0.14,2.0
130,9.73,1.34,3.51,-0.57,-0.5,-0.04,2.0
131,9.79,1.38,3.09,-0.63,-0.42,-0.12,2.0
132,9.51,1.58,3.16,-0.62,-0.11,-0.1,2.0
133,9.65,1.72,2.68,-0.62,-0.07,-0.04,2.0
134,9.61,1.7,2.75,-0.68,0.22,0.02,2.0
135,9.98,1.18,3.0,-0.47,0.47,-0.05,2.0
136,9.6,1.13,3.43,-0.41,0.01,-0.0,2.0
137,10.0,1.35,2.94,-0.73,0.16,-0.1,2.0
138,9.72,1.23,3.14,-0.69,0.05,-0.08,2.0
139,9.76,1.57,2.96,-0.73,0.05,-0.04,2.0
140,9.65,1.58,3.41,-0.69,0.24,-0.05,2.0
141,9.23,1.66,4.47,-0.54,0.14,-0.03,2.0
142,9.62,1.41,3.26,-0.52,-0.12,0.03,2.0
143,9.69,1.78,3.0,-0.51,-0.15,0.01,2.0
144,9.79,1.5,2.72,-0.57,0.04,-0.0,2.0
145,9.69,1.38,2.93,-0.54,0.04,0.03,2.0
146,9.89,1.53,2.28,-0.57,-0.29,-0.01,2.0
147,9.76,1.21,2.9,-0.51,0.06,0.04,2.0
148,9.92,1.32,2.43,-0.7,-0.02,-0.06,2.0
149,9.64,1.47,3.37,-0.56,-0.1,0.0,2.0
150,9.5,1.27,3.86,-0.65,0.13,-0.01,2.0
151,9.51,0.91,4.18,-0.63,0.04,0.01,2.0
152,9.85,1.63,2.99,-0.66,0.17,-0.05,2.0
153,9.54,1.11,3.83,-0.54,0.04,0.05,2.0
154,9.59,1.02,3.99,-0.65,0.05,0.05,2.0
155,9.74,1.63,3.24,-0.58,-0.09,-0.02,2.0
156,9.79,1.65,2.96,-0.51,-0.1,-0.02,2.0
157,9.73,1.69,2.9,-0.51,-0.04,-0.02,2.0
158,9.94,1.69,2.5,-0.48,-0.02,0.0,2.0
159,9.27,1.85,3.15,-0.39,0.06,0.02,2.0
160,9.22,0.96,3.61,-0.68,0.02,0.01,2.0
161,9.17,1.29,3.07,-0.49,0.03,-0.05,2.0
162,8.93,1.04,3.26,-0.44,0.01,0.03,2.0
163,9.09,1.81,3.34,-0.57,0.01,-0.01,2.0
164,9.36,1.42,3.29,-0.47,-0.06,0.08,2.0
165,9.48,1.35,3.16,-0.53,0.09,0.04,2.0
166,9.17,1.49,3.23,-0.61,0.35,-0.01,2.0
167,9.18,1.5,3.81,-0.51,0.15,-0.02,2.0
168,9.33,1.37,4.41,-0.56,0.1,-0.03,2.0
169,9.38,1.39,4.16,-0.64,-0.18,-0.06,2.0
170,9.5,1.41,4.01,-0.66,-0.17,-0.06,2.0
171,9.5,1.41,3.92,-0.63,-0.19,-0.05,2.0
172,9.61,1.47,3.78,-0.63,-0.18,-0.05,2.0
173,9.59,1.48,3.62,-0.59,-0.2,-0.04,2.0
174,9.72,1.48,3.54,-0.58,-0.16,-0.04,2.0
175,9.73,1.63,3.41,-0.61,-0.08,-0.03,2.0
176,9.83,1.53,3.14,-0.6,-0.06,-0.04,2.0
177,9.3,1.67,3.97,-0.24,-0.03,0.11,2.0
178,9.3,1.63,4.09,-0.25,-0.03,0.14,2.0
179,9.12,1.38,4.3,-1.1,-0.07,-0.35,2.0
180,9.64,1.92,2.88,-0.43,-0.13,0.03,2.0
181,9.55,1.84,2.86,-0.45,-0.07,0.06,2.0
182,9.77,1.77,2.76,-0.4,0.02,0.1,2.0
183,10.03,1.42,3.03,-0.4,0.14,0.08,2.0
184,9.79,1.82,3.18,-0.56,-0.14,-0.01,2.0
185,9.86,1.8,3.02,-0.55,-0.15,-0.01,2.0
186,9.7,1.91,2.84,-0.6,-0.07,0.01,2.0
187,9.94,1.52,2.45,-0.59,-0.08,0.08,2.0
188,9.84,1.47,2.58,-0.6,-0.08,0.07,2.0
189,9.92,1.52,2.42,-0.6,-0.07,0.06,2.0
190,9.8,1.44,2.37,-0.6,-0.05,0.03,2.0
191,9.56,0.97,3.85,-0.5,0.04,0.06,2.0
192,9.32,1.06,3.61,-0.13,0.05,0.22,2.0
193,9.43,0.78,3.97,-0.31,0.05,0.23,2.0
194,9.2,1.89,3.62,-1.13,-0.08,-0.34,2.0
195,9.64,1.07,3.81,-0.07,0.09,0.3,2.0
196,9.38,1.02,4.03,0.09,0.13,0.37,2.0
197,10.59,1.75,3.9,-0.72,0.0,-0.13,2.0
198,8.8,1.89,3.77,-0.83,-0.09,-0.23,2.0
199,9.86,1.3,3.18,-0.7,-0.14,-0.03,2.0
200,9.78,1.38,2.84,-0.58,-0.21,-0.06,2.0
201,9.92,1.48,2.66,-0.57,-0.21,-0.05,2.0
202,9.91,1.46,2.45,-0.54,-0.18,-0.05,2.0
203,9.73,1.38,3.26,-0.63,0.27,-0.06,2.0
204,9.73,1.5,3.36,-0.48,-0.15,0.0,2.0
205,9.87,1.68,3.04,-0.5,-0.06,-0.0,2.0
206,9.79,1.64,2.97,-0.53,-0.07,-0.0,2.0
207,9.82,1.41,2.86,-0.46,-0.03,0.05,2.0
208,9.93,1.53,3.0,-0.49,-0.05,0.01,2.0
209,9.73,1.43,2.84,-0.42,0.02,0.03,2.0
210,9.88,1.47,2.38,-0.48,-0.28,-0.02,2.0
211,9.28,1.7,3.75,-0.61,0.24,-0.06,2.0
212,9.38,1.44,4.05,-0.66,0.45,-0.06,2.0
213,9.0,1.38,5.11,-0.57,0.08,0.04,2.0
214,8.93,2.03,5.38,-0.73,0.64,-0.08,2.0
215,9.53,1.18,4.51,-0.75,0.21,0.01,2.0
216,8.56,0.78,5.47,-0.65,-0.04,-0.05,2.0
217,9.62,1.3,3.45,-0.6,-0.12,-0.01,2.0
218,9.35,1.48,4.14,-0.11,-0.03,0.22,2.0
219,9.49,1.57,3.92,-0.3,-0.05,0.12,2.0
220,9.04,1.35,4.97,-0.81,0.01,0.02,2.0
221,8.87,1.59,5.19,-0.47,-0.29,0.0,2.0
222,8.98,1.66,5.04,-0.46,-0.3,-0.01,2.0
223,9.41,1.6,4.03,-0.62,-0.09,0.02,2.0
224,9.56,1.39,3.93,-0.57,-0.08,0.04,2.0
225,9.58,0.95,4.18,-0.74,-0.1,-0.02,2.0
226,9.29,0.47,4.77,-0.52,0.02,0.16,2.0
227,9.07,0.46,4.69,-0.65,0.24,-0.07,2.0
228,9.52,0.69,3.88,-0.67,-0.13,-0.1,2.0
229,9.82,0.48,3.69,-0.63,-0.07,-0.07,2.0
230,9.69,0.53,3.71,-0.62,-0.03,-0.06,2.0
231,9.61,0.73,4.0,-0.58,-0.24,-0.01,2.0
232,9.88,0.67,3.18,-0.64,-0.12,-0.04,2.0
233,9.94,0.66,3.21,-0.64,-0.05,-0.03,2.0
234,9.26,0.28,4.47,-0.59,0.26,-0.02,2.0
235,9.54,0.45,4.35,-0.47,0.03,0.0,2.0
236,9.09,0.95,4.87,-0.77,0.12,-0.11,2.0
237,9.51,0.9,4.3,-0.58,0.01,-0.01,2.0
238,9.54,0.66,3.93,-0.89,-0.15,-0.08,2.0
239,9.8,0.5,3.7,-1.03,0.02,-0.18,2.0
240,9.78,0.42,3.75,-1.06,0.37,-0.21,2.0
241,8.94,0.82,5.33,-0.71,0.21,-0.11,2.0
242,9.23,0.89,4.6,-0.62,-0.12,-0.02,2.0
243,9.33,0.85,4.38,-0.6,-0.13,0.01,2.0
244,9.39,0.87,4.37,-0.57,-0.13,0.03,2.0
245,9.53,0.8,4.24,-0.59,-0.1,0.02,2.0
246,9.59,0.81,4.13,-0.54,-0.07,0.03,2.0
247,9.31,0.9,4.34,-0.64,-0.16,-0.04,2.0
248,9.51,0.87,4.33,-0.6,-0.13,-0.03,2.0
249,9.54,0.81,4.12,-0.59,-0.05,0.0,2.0
250,9.22,0.83,4.67,-0.56,0.15,-0.03,2.0
251,9.05,0.43,5.18,-0.69,0.04,0.04,2.0
252,9.08,0.31,5.32,-0.58,-0.05,0.13,2.0
253,9.05,-0.19,4.94,-0.79,0.07,0.03,2.0
254,9.32,-0.11,4.83,-0.44,-0.09,0.17,2.0
255,9.28,0.01,4.82,-0.59,0.08,-0.14,2.0
256,8.4,0.87,5.92,-0.7,0.2,-0.18,2.0
257,8.49,0.78,5.96,-0.64,0.16,-0.14,2.0
258,8.17,0.87,6.16,-0.42,0.12,0.02,2.0
259,8.17,0.9,5.94,-0.68,-0.03,-0.09,2.0
260,8.58,0.69,5.94,-0.59,-0.01,-0.06,2.0
261,8.45,2.03,6.0,-0.76,0.02,-0.27,2.0
262,8.8,1.17,5.48,-0.67,-0.08,-0.01,2.0
263,8.79,1.26,5.42,-0.57,0.05,0.04,2.0
264,8.81,0.62,5.47,-0.73,-0.01,-0.09,2.0
265,8.41,0.05,5.95,-0.56,-0.01,-0.06,2.0
266,9.2,1.09,5.24,-0.53,-0.16,-0.01,2.0
267,8.91,1.02,5.1,-0.56,-0.21,-0.03,2.0
268,9.3,0.91,4.81,-0.61,-0.11,-0.04,2.0
269,9.52,1.54,4.43,-0.59,-0.1,0.0,2.0
270,9.26,1.07,4.23,-0.54,-0.48,-0.06,2.0
271,9.34,1.14,4.79,-0.55,0.2,-0.05,2.0
272,10.18,0.65,1.95,-0.94,0.59,-0.11,2.0
273,8.38,1.68,6.25,-1.09,0.91,-0.0,2.0
274,9.35,0.19,5.31,-1.14,0.1,-0.04,2.0
275,9.39,0.56,4.92,-0.93,-0.22,-0.18,2.0
276,9.26,1.09,4.12,-0.61,0.08,-0.06,2.0
277,8.94,0.19,5.26,-0.73,-0.01,0.1,2.0
278,8.62,-0.08,3.82,-0.43,-0.06,-0.21,2.0
279,8.37,0.07,4.88,-0.67,0.06,0.06,2.0
280,9.38,0.68,4.4,-0.12,0.08,0.07,2.0
281,9.5,1.07,4.57,-0.29,0.03,0.09,2.0
282,9.45,1.03,4.26,-0.5,-0.14,0.0,2.0
283,9.38,1.08,4.37,-0.57,-0.07,-0.07,2.0
284,9.5,1.19,3.84,-0.7,-0.14,-0.09,2.0
285,9.81,1.19,3.81,-0.7,-0.05,-0.04,2.0
286,9.79,1.04,3.74,-0.6,-0.15,-0.02,2.0
287,9.58,1.09,3.74,-0.65,0.1,0.01,2.0
288,9.31,0.63,4.43,-0.5,-0.19,0.0,2.0
289,9.34,0.76,4.38,-0.5,-0.17,-0.01,2.0
290,9.5,0.72,4.37,-0.54,-0.1,-0.04,2.0
291,9.52,0.74,4.19,-0.55,-0.08,-0.03,2.0
292,9.46,0.75,4.1,-0.59,-0.1,-0.01,2.0
293,9.67,0.73,3.87,-0.58,-0.13,0.01,2.0
294,9.67,0.76,3.69,-0.57,-0.18,0.02,2.0
295,9.71,0.7,3.48,-0.58,-0.15,0.02,2.0
296,9.86,0.67,3.49,-0.6,-0.02,0.01,2.0
297,8.97,0.63,4.46,-0.66,0.21,-0.08,2.0
298,9.66,0.81,3.57,-0.55,-0.09,-0.02,2.0
299,9.77,0.77,3.14,-0.47,-0.13,0.06,2.0
300,9.87,0.69,2.99,-0.49,-0.11,0.04,2.0
301,9.96,0.6,2.83,-0.56,-0.0,0.0,2.0
302,9.9,0.62,2.89,-0.6,0.15,-0.02,2.0
303,9.73,0.17,3.74,-0.95,-0.02,-0.07,2.0
304,9.68,0.13,3.73,-0.98,-0.02,-0.1,2.0
305,9.46,0.81,4.13,-0.49,-0.18,0.01,2.0
306,9.75,0.81,3.84,-0.51,-0.14,0.01,2.0
307,9.53,0.77,3.7,-0.55,-0.13,0.0,2.0
308,9.71,0.83,3.51,-0.59,-0.14,-0.03,2.0
309,9.73,0.85,3.52,-0.61,-0.12,-0.05,2.0
310,9.86,0.88,3.43,-0.63,-0.09,-0.05,2.0
311,9.85,0.88,3.38,-0.63,-0.09,-0.05,2.0
312,9.8,0.84,2.98,-0.63,-0.02,-0.03,2.0
313,9.89,0.83,2.96,-0.6,0.04,-0.01,2.0
314,9.76,0.58,2.64,-0.6,0.07,0.17,2.0
315,9.95,0.54,2.86,-0.64,0.05,-0.11,2.0
316,9.9,0.65,2.7,-0.65,0.13,-0.16,2.0
317,9.76,0.74,3.34,-0.68,0.35,-0.09,2.0
318,9.55,0.73,4.31,-0.7,0.07,-0.11,2.0
319,9.82,1.07,3.29,-0.53,0.11,0.02,2.0
320,9.84,0.95,3.11,-0.47,0.06,0.03,2.0
321,9.82,0.92,3.08,-0.55,0.1,0.01,2.0
322,9.67,0.94,3.15,-0.62,0.11,-0.05,2.0
323,9.73,0.95,2.87,-0.66,-0.15,-0.03,2.0
324,9.97,0.82,2.88,-0.64,-0.07,0.01,2.0
325,10.01,0.84,2.63,-0.63,0.06,0.01,2.0
326,9.34,0.62,4.41,-0.68,0.17,-0.05,2.0
327,9.85,0.92,3.27,-0.59,-0.11,-0.05,2.0
328,9.99,0.93,2.95,-0.59,-0.1,-0.05,2.0
329,9.43,0.87,4.06,-0.63,-0.02,-0.04,2.0
330,9.79,0.89,3.18,-0.56,-0.07,0.01,2.0
331,9.69,0.93,3.01,-0.6,-0.16,-0.05,2.0
332,9.88,0.89,2.85,-0.61,-0.2,-0.04,2.0
333,9.99,0.93,2.62,-0.61,-0.13,-0.02,2.0
334,10.21,0.86,2.55,-0.61,0.0,0.02,2.0
335,9.97,0.89,2.45,-0.62,0.1,0.02,2.0
336,10.11,1.23,2.65,-0.51,-0.05,0.04,2.0
337,10.24,0.53,2.48,-0.66,-0.06,0.02,2.0
338,10.03,0.51,2.44,-0.66,0.08,0.0,2.0
339,9.47,0.85,3.61,-0.56,-0.13,-0.03,2.0
340,9.52,1.04,3.7,-0.62,-0.15,-0.02,2.0
341,9.57,0.67,3.42,-0.65,-0.15,0.03,2.0
342,10.05,0.79,3.26,-0.62,-0.02,0.01,2.0
343,9.85,0.93,3.27,-0.59,0.15,-0.01,2.0
344,9.86,0.63,2.98,-0.63,-0.07,-0.01,2.0
345,9.76,0.8,3.17,-0.56,0.06,0.03,2.0
346,9.8,0.61,3.15,-0.56,0.12,0.05,2.0
347,9.78,0.72,3.56,-0.59,-0.05,-0.02,2.0
348,9.79,0.86,3.23,-0.61,-0.08,-0.02,2.0
349,9.75,0.71,3.33,-0.61,-0.11,-0.02,2.0
350,9.85,0.75,3.07,-0.59,0.1,-0.04,2.0
351,9.81,0.71,3.22,-0.61,0.15,-0.02,2.0
352,9.62,0.78,3.55,-0.68,-0.24,-0.07,2.0
353,9.85,0.59,3.09,-0.7,-0.26,0.0,2.0
354,9.97,0.58,2.83,-0.7,-0.19,-0.03,2.0
355,10.02,0.57,2.85,-0.74,-0.04,-0.07,2.0
356,10.08,0.6,2.76,-0.61,0.02,-0.03,2.0
357,9.54,0.54,4.26,-0.66,0.24,0.0,2.0
358,9.47,0.6,4.58,-0.61,0.08,-0.02,2.0
359,9.52,0.39,3.73,-0.61,-0.12,-0.0,2.0
360,9.61,0.48,3.71,-0.59,-0.04,-0.03,2.0
361,9.54,0.45,3.46,-0.6,0.02,-0.03,2.0
362,9.76,0.49,3.18,-0.57,-0.08,-0.08,2.0
363,10.01,0.56,2.8,-0.62,-0.04,-0.03,2.0
364,9.39,0.38,5.03,-0.61,0.19,-0.02,2.0
365,9.14,0.42,4.95,-0.62,0.14,-0.03,2.0
366,9.49,0.54,4.28,-0.56,-0.12,-0.04,2.0
367,9.51,0.63,4.12,-0.55,-0.15,-0.04,2.0
368,9.56,0.6,3.9,-0.58,-0.16,-0.03,2.0
369,9.6,0.59,3.85,-0.59,-0.02,-0.02,2.0
370,9.69,0.63,3.47,-0.58,-0.15,-0.02,2.0
371,9.76,0.59,3.22,-0.55,-0.1,-0.01,2.0
372,9.69,0.52,3.35,-0.58,-0.05,-0.01,2.0
373,9.95,0.56,3.22,-0.6,-0.07,-0.02,2.0
374,9.79,0.62,2.97,-0.6,-0.1,-0.02,2.0
375,9.88,0.54,2.77,-0.57,0.01,-0.01,2.0
376,9.62,0.46,4.26,-0.61,0.08,-0.03,2.0
377,9.83,0.55,3.06,-0.48,-0.04,-0.08,2.0
378,9.95,0.54,2.93,-0.6,-0.13,-0.04,2.0
379,9.88,0.57,2.83,-0.56,0.06,-0.06,2.0
380,9.5,0.54,4.51,-0.65,0.35,-0.02,2.0
381,9.25,0.54,4.94,-0.61,0.19,-0.02,2.0
382,9.4,0.54,4.75,-0.63,0.26,-0.02,2.0
383,9.26,0.49,5.09,-0.6,0.24,-0.0,2.0
384,9.18,0.51,5.2,-0.6,0.18,-0.01,2.0
385,9.66,0.62,4.32,-0.62,-0.4,-0.05,2.0
386,9.55,0.6,3.87,-0.55,-0.4,-0.03,2.0
387,9.8,0.67,3.24,-0.61,-0.32,-0.04,2.0
388,9.9,0.65,2.96,-0.62,-0.23,-0.05,2.0
389,9.95,0.66,2.86,-0.58,-0.04,-0.04,2.0
390,9.92,0.56,2.72,-0.64,-0.02,0.01,2.0
391,9.94,0.77,2.46,-0.56,0.06,0.03,2.0
392,9.74,0.39,2.69,-0.66,0.25,-0.11,2.0
393,9.36,0.56,4.68,-0.62,0.2,-0.03,2.0
394,9.49,0.61,4.21,-0.6,0.01,-0.02,2.0
395,9.5,0.62,4.29,-0.56,-0.1,-0.01,2.0
396,9.58,0.67,3.89,-0.54,-0.14,-0.01,2.0
397,9.75,0.59,3.57,-0.57,-0.0,-0.02,2.0
398,9.68,0.55,3.68,-0.59,-0.11,-0.03,2.0
399,9.79,0.58,3.6,-0.59,-0.09,-0.04,2.0
400,9.68,0.57,3.44,-0.61,-0.01,-0.04,2.0
401,9.88,0.67,2.89,-0.61,0.08,-0.04,2.0
402,9.58,0.7,3.33,-0.56,0.17,-0.03,2.0
403,9.73,0.6,3.42,-0.52,-0.08,0.06,2.0
404,9.67,0.57,3.28,-0.58,-0.2,0.03,2.0
405,9.8,0.61,2.84,-0.52,-0.23,0.07,2.0
406,10.14,0.37,2.92,-0.63,0.05,0.02,2.0
407,10.05,0.44,2.39,-0.66,0.23,-0.0,2.0
408,9.52,0.51,4.14,-0.66,0.31,-0.07,2.0
409,9.43,0.49,4.46,-0.62,0.22,-0.04,2.0
410,9.39,0.83,4.93,-0.59,0.2,-0.07,2.0
411,8.83,0.8,5.64,-0.6,0.16,-0.01,2.0
412,9.53,0.58,4.52,-0.61,-0.18,-0.05,2.0
413,9.36,0.64,4.45,-0.59,-0.12,-0.06,2.0
414,9.32,0.72,4.38,-0.59,-0.15,-0.08,2.0
415,9.36,0.81,3.9,-0.56,-0.15,-0.07,2.0
416,9.47,0.65,3.96,-0.58,-0.25,-0.04,2.0
417,9.66,0.79,3.41,-0.65,0.04,-0.0,2.0
418,8.81,0.45,6.03,-0.66,0.17,-0.04,2.0
419,9.31,0.6,4.42,-0.52,0.09,-0.07,2.0
420,9.43,0.73,4.16,-0.52,0.09,-0.03,2.0
421,8.86,0.48,5.95,-0.63,0.12,-0.04,2.0
422,9.22,0.72,4.77,-0.56,-0.03,-0.01,2.0
423,9.18,0.76,5.1,-0.57,0.04,-0.02,2.0
424,9.41,0.68,4.17,-0.54,-0.18,-0.05,2.0
425,9.53,0.79,4.07,-0.6,-0.07,-0.05,2.0
426,9.53,0.64,3.9,-0.59,-0.01,0.0,2.0
427,9.56,1.21,3.93,-0.72,0.07,-0.02,2.0
428,9.31,0.55,4.37,-0.59,-0.22,-0.0,2.0
429,9.51,0.57,3.9,-0.59,-0.25,-0.02,2.0
430,9.63,0.59,3.31,-0.68,0.2,-0.04,2.0
431,9.95,0.44,2.88,-0.62,-0.03,-0.03,2.0
432,9.85,0.64,2.85,-0.63,-0.15,-0.02,2.0
433,9.96,0.61,2.91,-0.6,-0.11,0.01,2.0
434,9.96,0.48,2.72,-0.63,-0.05,-0.01,2.0
435,9.84,0.54,2.81,-0.61,-0.1,-0.01,2.0
436,10.01,0.48,2.65,-0.59,0.02,-0.02,2.0
437,9.79,0.58,3.72,-0.55,0.38,-0.01,2.0
438,9.52,0.58,4.26,-0.6,0.22,-0.02,2.0
439,9.28,0.47,4.64,-0.64,0.2,-0.07,2.0
440,9.51,0.59,3.64,-0.65,-0.27,-0.04,2.0
441,9.85,0.61,3.47,-0.65,-0.33,-0.04,2.0
442,9.79,0.64,3.13,-0.63,-0.17,-0.02,2.0
443,9.88,0.69,2.88,-0.64,-0.06,-0.02,2.0
444,9.85,0.68,2.87,-0.61,0.08,-0.01,2.0
445,9.58,0.41,3.87,-0.61,-0.14,-0.02,2.0
446,9.78,0.36,3.73,-0.63,-0.15,-0.02,2.0
447,9.66,0.29,3.7,-0.6,-0.25,0.01,2.0
448,9.74,0.33,3.48,-0.62,-0.19,0.01,2.0
449,9.82,0.42,3.38,-0.61,-0.2,-0.0,2.0
450,9.92,0.47,3.35,-0.65,-0.04,-0.04,2.0
451,9.83,0.36,3.05,-0.66,0.0,-0.07,2.0
452,9.86,0.4,2.87,-0.64,-0.03,-0.06,2.0
453,10.0,0.43,2.85,-0.61,0.05,-0.04,2.0
454,9.59,0.53,3.72,-0.63,-0.18,-0.03,2.0
455,9.77,0.56,3.75,-0.62,-0.19,-0.02,2.0
456,9.74,0.61,3.52,-0.62,-0.19,-0.02,2.0
457,9.85,0.64,3.46,-0.63,-0.22,-0.02,2.0
458,10.0,0.63,2.79,-0.68,-0.12,-0.04,2.0
459,10.04,0.53,2.85,-0.67,-0.11,-0.05,2.0
460,9.94,0.55,2.51,-0.69,-0.11,-0.05,2.0
461,10.02,0.61,2.52,-0.64,-0.01,-0.04,2.0
462,9.77,0.44,3.5,-0.6,-0.25,0.01,2.0
463,9.7,0.42,3.52,-0.61,-0.17,0.0,2.0
464,9.71,0.43,3.51,-0.6,-0.22,0.0,2.0
465,9.82,0.43,2.97,-0.65,-0.06,-0.02,2.0
466,9.97,0.46,2.83,-0.69,-0.04,-0.04,2.0
467,9.43,0.73,4.4,-0.62,0.19,-0.04,2.0
468,9.77,0.51,3.25,-0.56,-0.12,-0.01,2.0
469,9.95,0.58,3.27,-0.58,-0.02,-0.03,2.0
470,9.87,0.43,2.96,-0.57,-0.04,-0.03,2.0
471,9.64,0.52,3.79,-0.67,0.39,-0.08,2.0
472,9.45,0.62,3.94,-0.72,0.33,-0.1,2.0
473,9.52,0.64,4.13,-0.7,0.27,-0.09,2.0
474,9.82,0.64,3.42,-0.62,-0.09,-0.03,2.0
475,9.79,0.73,3.27,-0.6,-0.07,-0.03,2.0
476,9.72,0.7,3.29,-0.58,-0.09,0.01,2.0
477,9.84,0.68,3.06,-0.57,-0.09,-0.01,2.0
478,9.9,0.76,2.7,-0.58,-0.05,-0.01,2.0
479,9.69,0.49,3.39,-0.64,-0.13,-0.06,2.0
480,9.83,0.59,3.13,-0.64,-0.22,-0.06,2.0
481,9.89,0.5,3.06,-0.62,-0.2,-0.04,2.0
482,9.96,0.65,2.79,-0.57,-0.11,-0.05,2.0
483,9.82,0.74,2.64,-0.58,-0.12,-0.07,2.0
484,10.11,0.69,2.57,-0.59,-0.07,-0.05,2.0
485,9.98,0.74,2.37,-0.59,-0.09,-0.04,2.0
486,9.85,0.76,2.31,-0.59,-0.12,-0.02,2.0
487,10.01,0.82,2.12,-0.59,-0.08,-0.01,2.0
488,10.13,0.74,2.08,-0.59,-0.05,-0.02,2.0
489,9.88,0.42,3.26,-0.59,0.59,-0.05,2.0
490,9.59,0.41,3.56,-0.57,0.52,-0.04,2.0
491,9.52,0.48,4.27,-0.62,0.33,-0.03,2.0
492,9.55,0.41,4.27,-0.62,0.0,-0.04,2.0
493,9.86,0.57,3.27,-0.65,-0.23,-0.05,2.0
494,9.82,0.69,2.89,-0.66,-0.26,-0.06,2.0
495,9.97,0.68,2.59,-0.66,-0.22,-0.07,2.0
496,9.97,0.7,2.74,-0.67,-0.11,-0.06,2.0
497,10.01,0.76,2.62,-0.67,-0.1,-0.06,2.0
498,10.0,0.75,2.16,-0.6,0.28,-0.04,2.0
499,10.05,0.76,1.84,-0.55,-0.02,-0.03,2.0
500,10.09,0.71,2.14,-0.57,0.37,-0.04,2.0
501,9.71,0.81,3.43,-0.67,-0.3,-0.03,2.0
502,9.97,0.76,3.05,-0.64,-0.25,-0.03,2.0
503,9.99,0.79,2.42,-0.61,0.03,-0.02,2.0
504,9.73,1.06,3.33,-0.6,-0.08,-0.03,2.0
505,9.8,0.93,3.09,-0.67,-0.12,-0.03,2.0
506,9.96,0.94,2.86,-0.69,-0.16,-0.02,2.0
507,9.89,0.98,2.6,-0.65,-0.12,-0.02,2.0
508,9.98,0.89,2.72,-0.65,-0.01,-0.0,2.0
509,9.98,0.89,2.64,-0.59,0.1,-0.01,2.0
510,9.79,0.53,3.58,-0.58,-0.2,-0.01,2.0
511,9.74,0.59,3.35,-0.59,-0.18,-0.01,2.0
512,9.75,0.56,3.32,-0.6,-0.16,-0.0,2.0
513,9.79,0.63,3.07,-0.59,-0.14,0.03,2.0
514,9.88,0.63,3.02,-0.61,-0.18,0.0,2.0
515,9.92,0.61,2.63,-0.62,-0.21,0.01,2.0
516,9.98,0.59,2.66,-0.65,-0.04,-0.01,2.0
517,9.92,0.73,2.24,-0.64,-0.04,-0.03,2.0
518,10.07,0.65,2.51,-0.65,0.11,-0.03,2.0
519,9.73,0.24,2.92,-0.6,-0.35,-0.02,2.0
520,10.01,0.33,2.79,-0.59,-0.17,-0.04,2.0
521,9.94,0.42,2.57,-0.54,-0.03,-0.04,2.0
522,9.96,0.48,2.5,-0.55,0.01,-0.05,2.0
523,9.94,0.52,2.75,-0.5,-0.13,0.01,2.0
524,9.81,0.48,2.56,-0.53,-0.07,-0.03,2.0
525,9.98,0.5,2.46,-0.56,-0.06,-0.03,2.0
526,10.14,0.47,2.02,-0.61,-0.06,-0.03,2.0
527,9.95,0.54,2.56,-0.64,0.09,-0.04,2.0
528,9.94,0.54,2.2,-0.61,0.37,-0.01,2.0
529,9.85,0.66,3.44,-0.74,0.24,-0.04,2.0
530,9.89,0.4,3.37,-0.54,-0.25,-0.01,2.0
531,9.69,0.43,3.27,-0.5,-0.24,-0.0,2.0
532,9.71,0.5,3.11,-0.5,-0.18,0.01,2.0
533,9.9,0.44,3.03,-0.5,-0.14,0.03,2.0
534,9.97,0.48,2.77,-0.43,-0.05,-0.02,2.0
535,10.01,0.53,2.32,-0.65,-0.16,-0.03,2.0
536,10.13,0.69,2.09,-0.75,0.13,-0.09,2.0
537,9.51,0.67,3.97,-0.78,0.55,-0.12,2.0
538,9.77,0.58,3.01,-0.57,-0.17,-0.03,2.0
539,9.79,0.46,2.96,-0.59,-0.1,-0.02,2.0
540,9.88,0.47,2.7,-0.53,0.06,-0.01,2.0
541,9.68,0.67,3.82,-0.58,-0.12,-0.01,2.0
542,9.7,0.58,3.35,-0.55,-0.15,0.01,2.0
543,9.79,0.54,3.25,-0.53,-0.15,-0.01,2.0
544,9.96,0.52,3.3,-0.49,-0.17,-0.0,2.0
545,9.8,0.42,2.97,-0.46,0.06,0.01,2.0
546,9.97,0.41,2.96,-0.47,0.08,-0.0,2.0
547,9.81,0.44,2.73,-0.53,0.14,-0.0,2.0
548,9.84,0.73,3.37,-0.57,-0.12,0.03,2.0
549,9.73,0.57,3.18,-0.49,-0.28,0.0,2.0
550,9.95,0.61,3.19,-0.51,-0.29,0.0,2.0
551,9.92,0.5,2.77,-0.47,-0.18,0.01,2.0
552,9.84,0.52,2.67,-0.49,-0.03,-0.01,2.0
553,9.85,0.6,2.68,-0.51,0.11,-0.04,2.0
554,9.7,0.74,3.79,-0.74,-0.06,-0.06,2.0
555,9.74,0.72,3.28,-0.54,-0.08,-0.03,2.0
556,9.87,0.68,2.93,-0.52,0.03,0.01,2.0
557,9.79,0.86,3.66,-0.6,-0.2,-0.09,2.0
558,9.69,0.91,3.3,-0.57,-0.1,-0.02,2.0
559,9.86,0.88,3.07,-0.6,-0.11,0.01,2.0
560,9.79,0.78,3.24,-0.57,-0.1,-0.0,2.0
561,9.89,0.82,2.87,-0.55,-0.13,0.0,2.0
562,9.94,0.75,2.92,-0.52,-0.03,0.0,2.0
563,9.91,0.56,2.49,-0.52,0.02,0.0,2.0
564,9.89,0.72,2.51,-0.49,0.05,0.01,2.0
565,9.87,0.67,2.68,-0.49,0.19,-0.0,2.0
566,9.75,0.81,3.41,-0.56,-0.19,0.01,2.0
567,9.67,0.8,3.39,-0.57,-0.1,0.03,2.0
568,9.78,0.83,3.17,-0.55,-0.06,0.02,2.0
569,9.88,0.89,3.27,-0.57,-0.04,0.01,2.0
570,9.89,0.77,3.08,-0.57,-0.06,0.0,2.0
571,9.84,0.86,2.93,-0.55,-0.1,0.0,2.0
572,9.62,0.79,3.62,-0.64,-0.04,-0.09,2.0
573,9.52,0.89,3.76,-0.58,-0.07,-0.02,2.0
574,9.75,0.79,3.39,-0.57,-0.12,0.02,2.0
575,9.73,0.76,3.22,-0.55,-0.2,-0.02,2.0
576,9.87,0.79,3.19,-0.53,-0.19,-0.0,2.0
577,10.13,0.59,2.92,-0.6,0.06,-0.0,2.0
578,9.85,0.57,2.91,-0.6,0.15,-0.0,2.0
579,9.94,0.69,3.47,-0.77,-0.2,-0.13,2.0
580,10.02,0.61,3.13,-0.75,-0.12,-0.08,2.0
581,9.66,0.57,3.87,-0.55,-0.1,-0.01,2.0
582,9.74,0.58,3.8,-0.53,-0.1,-0.01,2.0
583,9.76,0.59,3.56,-0.53,-0.03,-0.02,2.0
584,9.67,0.5,3.49,-0.59,-0.07,-0.03,2.0
585,9.79,0.57,3.17,-0.57,0.05,-0.04,2.0
586,9.72,0.71,3.44,-0.54,-0.14,0.01,2.0
587,9.72,0.87,3.23,-0.56,-0.16,0.0,2.0
588,9.87,0.82,3.18,-0.56,-0.09,0.0,2.0
589,9.79,0.79,3.09,-0.59,-0.06,-0.0,2.0
590,9.84,0.74,3.13,-0.58,-0.07,-0.0,2.0
591,9.9,0.74,2.87,-0.58,0.0,-0.0,2.0
592,9.56,0.58,4.06,-0.58,0.17,-0.02,2.0
593,9.72,0.78,3.83,-0.64,-0.26,-0.07,2.0
594,9.77,0.78,3.44,-0.63,-0.22,-0.07,2.0
595,9.72,0.8,3.26,-0.66,-0.14,-0.07,2.0
596,9.78,0.66,3.65,-0.69,-0.16,-0.06,2.0
597,9.83,0.73,3.16,-0.7,-0.11,-0.06,2.0
598,9.73,0.75,3.2,-0.72,-0.03,-0.05,2.0
599,9.88,0.79,3.1,-0.66,0.19,-0.04,2.0
600,9.73,0.69,3.47,-0.48,-0.03,-0.04,2.0
601,9.66,0.87,3.5,-0.5,-0.11,0.01,2.0
602,9.89,0.72,3.29,-0.54,-0.09,0.01,2.0
603,9.82,0.62,3.16,-0.58,-0.03,0.02,2.0
604,9.82,0.58,3.02,-0.58,0.01,0.01,2.0
605,9.97,0.69,2.81,-0.61,0.1,-0.0,2.0
606,9.55,1.05,3.51,-0.63,-0.26,-0.02,2.0
607,9.86,0.98,3.02,-0.64,-0.32,0.02,2.0
608,9.97,0.86,2.8,-0.53,-0.15,0.03,2.0
609,9.6,0.7,3.75,-0.55,0.22,-0.02,2.0
610,9.65,0.69,4.02,-0.5,-0.2,-0.02,2.0
611,9.67,0.69,3.66,-0.49,-0.27,0.03,2.0
612,9.74,0.66,3.44,-0.49,-0.16,-0.01,2.0
613,9.79,0.69,3.45,-0.54,0.08,-0.01,2.0
614,9.74,0.74,3.34,-0.6,-0.34,-0.0,2.0
615,9.85,0.75,3.25,-0.55,-0.13,-0.0,2.0
616,9.87,0.73,3.27,-0.59,-0.06,-0.01,2.0
617,9.87,0.7,3.16,-0.6,0.01,-0.02,2.0
618,9.88,0.83,3.06,-0.59,0.08,-0.02,2.0
619,9.83,0.82,3.0,-0.63,0.25,-0.04,2.0
620,9.63,0.6,3.89,-0.59,-0.15,-0.01,2.0
621,9.71,0.54,3.56,-0.62,-0.13,-0.02,2.0
622,9.78,0.62,3.36,-0.61,-0.12,-0.03,2.0
623,9.68,0.62,3.37,-0.6,-0.17,-0.03,2.0
624,9.75,0.56,3.08,-0.62,-0.08,-0.05,2.0
625,9.84,0.62,3.17,-0.63,0.01,-0.05,2.0
626,9.88,0.47,2.78,-0.59,0.02,-0.04,2.0
627,9.85,0.62,2.6,-0.59,0.01,-0.04,2.0
628,9.95,0.42,2.43,-0.67,0.16,-0.02,2.0
629,9.57,0.84,3.38,-0.63,-0.53,-0.05,2.0
630,9.84,0.78,2.98,-0.6,-0.46,-0.01,2.0
631,9.76,0.74,2.76,-0.68,-0.35,-0.0,2.0
632,9.73,0.8,2.69,-0.7,-0.34,-0.07,2.0
633,9.94,0.9,2.34,-0.65,0.07,-0.05,2.0
634,9.88,0.15,3.36,-0.66,0.04,-0.09,2.0
635,9.95,0.69,2.84,-0.52,-0.09,0.01,2.0
636,9.96,0.75,2.71,-0.53,-0.21,0.02,2.0
637,9.86,0.75,2.5,-0.54,-0.31,0.02,2.0
638,9.9,0.51,2.56,-0.58,-0.02,-0.0,2.0
639,10.03,0.6,2.08,-0.6,0.06,-0.01,2.0
640,9.67,0.49,3.45,-0.63,0.18,-0.02,2.0
641,9.62,0.52,3.85,-0.58,0.14,-0.02,2.0
642,9.46,0.7,4.44,-0.59,0.3,-0.03,2.0
643,9.29,0.6,4.81,-0.59,0.12,-0.01,2.0
644,9.2,0.57,4.83,-0.62,0.03,-0.02,2.0
645,9.74,0.47,3.77,-0.62,-0.22,-0.02,2.0
646,9.62,0.41,3.68,-0.61,-0.28,-0.02,2.0
647,9.79,0.5,3.59,-0.57,-0.29,-0.04,2.0
648,9.81,0.61,3.2,-0.6,-0.3,-0.06,2.0
649,9.9,0.66,2.66,-0.6,0.16,-0.06,2.0
650,9.7,0.48,3.98,-0.6,-0.25,-0.01,2.0
651,9.57,0.43,3.84,-0.59,-0.26,-0.01,2.0
652,9.66,0.5,3.52,-0.58,-0.25,-0.01,2.0
653,9.77,0.45,3.59,-0.55,-0.18,-0.01,2.0
654,11.68,0.56,2.6,-0.61,-0.06,0.01,2.0
655,9.88,0.6,2.76,-0.55,-0.11,-0.05,2.0
656,9.93,0.56,2.78,-0.64,-0.02,-0.02,2.0
657,9.96,0.45,2.58,-0.66,-0.05,-0.03,2.0
658,9.62,0.7,4.01,-0.62,0.33,-0.06,2.0
659,9.49,0.62,4.29,-0.67,0.21,0.0,2.0
660,9.38,0.62,4.56,-0.63,0.12,0.01,2.0
661,9.77,0.45,3.25,-0.61,-0.13,0.01,2.0
662,9.66,0.38,3.24,-0.6,-0.23,0.01,2.0
663,10.07,0.38,2.82,-0.63,-0.31,-0.07,2.0
664,9.91,0.45,3.28,-0.61,-0.03,-0.02,2.0
665,9.99,0.44,2.69,-0.63,-0.02,-0.03,2.0
666,9.88,0.46,2.76,-0.59,0.09,-0.03,2.0
667,9.84,0.54,2.86,-0.56,0.07,-0.03,2.0
668,9.5,0.6,4.27,-0.63,0.14,-0.08,2.0
669,9.48,0.3,4.12,-0.65,-0.0,-0.0,2.0
670,9.6,0.46,3.2,-0.61,0.07,-0.02,2.0
671,9.76,0.54,3.4,-0.59,0.09,0.0,2.0
672,9.81,0.51,3.04,-0.59,0.07,-0.03,2.0
673,10.01,0.59,3.0,-0.57,0.23,-0.02,2.0
674,9.49,0.51,4.24,-0.63,0.03,-0.04,2.0
675,9.92,0.26,3.23,-0.62,-0.08,-0.01,2.0
676,9.55,0.67,4.7,-0.66,0.26,-0.05,2.0
677,9.55,0.56,3.75,-0.61,-0.35,0.01,2.0
678,9.53,0.36,3.68,-0.63,-0.24,0.05,2.0
679,9.71,0.36,3.7,-0.64,-0.03,-0.01,2.0
680,9.78,0.4,3.18,-0.63,-0.05,-0.01,2.0
681,9.66,0.35,3.58,-0.61,0.09,-0.01,2.0
682,9.67,0.16,3.49,-0.66,0.33,-0.05,2.0
683,9.2,0.24,4.84,-0.62,0.36,-0.03,2.0
684,9.3,0.27,5.05,-0.58,0.23,-0.02,2.0
685,9.08,0.34,4.94,-0.55,0.15,-0.02,2.0
686,9.6,0.28,3.88,-0.55,-0.41,0.02,2.0
687,9.73,0.23,3.43,-0.56,-0.37,-0.01,2.0
688,9.72,0.25,3.28,-0.6,-0.24,-0.01,2.0
689,9.56,0.49,4.24,-0.6,0.19,-0.02,2.0
690,9.12,0.4,5.02,-0.63,0.15,-0.04,2.0
691,9.52,0.36,4.02,-0.61,-0.46,0.02,2.0
692,9.73,0.32,3.39,-0.59,-0.21,0.02,2.0
693,9.67,0.19,3.15,-0.58,-0.05,-0.02,2.0
694,9.81,0.31,3.31,-0.61,0.0,-0.03,2.0
695,9.26,0.49,5.19,-0.58,0.34,-0.05,2.0
696,9.56,0.6,4.19,-0.61,-0.2,-0.02,2.0
697,9.56,0.47,4.15,-0.62,-0.33,0.01,2.0
698,9.6,0.5,3.75,-0.58,-0.25,0.01,2.0
699,9.7,0.4,3.85,-0.59,-0.12,-0.02,2.0
700,9.81,0.35,3.29,-0.59,0.05,-0.01,2.0
701,8.98,0.64,5.82,-0.61,0.14,0.03,2.0
702,9.55,0.42,4.4,-0.6,-0.1,0.01,2.0
703,9.46,0.51,4.38,-0.57,-0.11,0.03,2.0
704,9.55,0.46,4.07,-0.6,-0.06,-0.02,2.0
705,9.51,0.4,4.0,-0.56,-0.01,-0.01,2.0
706,8.75,0.52,5.77,-0.58,0.12,-0.0,2.0
707,9.15,0.51,4.67,-0.57,-0.41,0.05,2.0
708,9.41,0.48,4.44,-0.54,-0.31,-0.0,2.0
709,9.42,0.4,4.31,-0.58,-0.3,-0.01,2.0
710,9.45,0.35,4.13,-0.6,-0.22,-0.01,2.0
711,9.58,0.57,3.85,-0.61,0.08,-0.04,2.0
712,9.29,0.42,4.89,-0.56,0.2,-0.03,2.0
713,8.83,0.48,5.53,-0.66,0.31,-0.07,2.0
714,9.07,0.47,5.88,-0.67,0.23,-0.05,2.0
715,9.3,0.64,4.67,-0.59,-0.35,-0.03,2.0
716,9.48,0.59,4.3,-0.63,-0.27,-0.04,2.0
717,9.45,0.66,4.4,-0.63,-0.26,0.03,2.0
718,8.91,0.38,4.91,-0.69,0.53,-0.01,2.0
719,8.88,0.48,5.74,-0.65,0.54,-0.03,2.0
720,8.89,0.51,5.84,-0.49,0.28,0.0,2.0
721,8.64,0.56,6.05,-0.66,0.33,-0.03,2.0
722,8.62,0.47,5.77,-0.65,0.31,0.01,2.0
723,8.6,0.45,6.51,-0.62,0.21,0.02,2.0
724,8.98,0.47,5.29,-0.63,-0.36,-0.02,2.0
725,9.22,0.38,4.82,-0.59,-0.53,-0.03,2.0
726,9.47,0.41,4.38,-0.61,-0.2,-0.01,2.0
727,9.03,0.76,5.05,-0.63,-0.32,-0.01,2.0
728,9.19,0.52,4.86,-0.65,-0.33,-0.05,2.0
729,9.19,0.32,4.56,-0.74,-0.39,0.02,2.0
730,9.49,0.38,3.95,-0.6,0.08,0.01,2.0
731,8.96,0.38,5.29,-0.58,0.4,-0.02,2.0
732,8.99,0.32,5.63,-0.62,0.31,-0.02,2.0
733,8.7,0.32,6.28,-0.59,0.35,-0.0,2.0
734,8.61,0.28,6.47,-0.6,0.26,-0.01,2.0
735,8.52,0.34,6.39,-0.62,0.0,-0.01,2.0
736,8.94,0.32,5.43,-0.58,-0.16,-0.02,2.0
737,8.97,0.38,5.38,-0.62,-0.26,-0.03,2.0
738,9.21,0.35,4.77,-0.64,-0.42,-0.03,2.0
739,9.24,0.31,4.57,-0.61,-0.2,-0.01,2.0
740,8.97,0.24,5.18,-0.64,-0.26,0.01,2.0
741,9.14,0.17,5.12,-0.61,-0.28,0.04,2.0
742,9.16,0.14,4.6,-0.61,-0.14,-0.03,2.0
743,9.26,0.11,4.83,-0.6,-0.09,-0.02,2.0
744,9.31,0.16,4.24,-0.55,0.04,-0.03,2.0
745,9.15,0.25,4.78,-0.62,-0.29,0.02,2.0
746,9.35,0.29,4.8,-0.64,-0.26,0.0,2.0
747,9.51,0.23,4.17,-0.77,-0.43,-0.09,2.0
748,8.96,0.24,5.44,-0.62,0.27,-0.08,2.0
749,8.8,0.26,6.02,-0.59,0.3,-0.01,2.0
750,9.36,0.24,4.8,-0.62,-0.17,-0.01,2.0
751,9.1,0.17,4.98,-0.59,-0.14,0.0,2.0
752,9.17,0.2,4.78,-0.58,-0.14,-0.04,2.0
753,9.31,0.21,4.51,-0.62,-0.04,-0.06,2.0
754,9.11,0.48,4.74,-0.68,-0.49,-0.04,2.0
755,9.19,0.18,4.56,-0.59,-0.39,-0.02,2.0
756,9.52,0.35,4.26,-0.63,-0.26,-0.06,2.0
757,9.69,0.28,3.86,-0.63,-0.04,-0.04,2.0
758,9.76,0.29,3.87,-0.63,-0.02,-0.04,2.0
759,9.32,0.17,5.02,-0.54,0.63,-0.05,2.0
760,9.08,0.36,5.15,-0.66,0.25,-0.02,2.0
761,9.04,0.24,5.15,-0.62,0.28,-0.03,2.0
762,8.72,0.31,5.89,-0.57,0.3,0.03,2.0
763,8.69,0.28,5.9,-0.52,0.17,-0.01,2.0
764,8.67,0.29,6.09,-0.61,0.17,-0.03,2.0
765,9.03,0.34,5.12,-0.57,-0.2,0.03,2.0
766,8.97,0.25,4.86,-0.63,-0.34,-0.0,2.0
767,9.46,0.25,4.55,-0.62,-0.35,-0.03,2.0
768,9.01,0.27,5.74,-0.57,0.31,-0.03,2.0
769,8.88,0.29,5.82,-0.65,0.23,-0.06,2.0
770,9.26,0.36,4.89,-0.64,-0.35,0.02,2.0
771,9.28,0.27,4.66,-0.62,-0.26,0.03,2.0
772,9.53,0.31,4.54,-0.61,-0.24,-0.05,2.0
773,9.26,-0.01,4.14,-0.67,-0.56,0.04,2.0
774,8.85,0.36,5.48,-0.61,0.25,-0.05,2.0
775,8.82,0.2,6.02,-0.63,0.24,-0.01,2.0
776,8.69,0.46,5.98,-0.69,-0.05,-0.05,2.0
777,9.1,0.1,5.07,-0.53,-0.32,0.07,2.0
778,9.28,0.29,4.85,-0.6,-0.26,-0.03,2.0
779,9.48,0.02,4.46,-0.53,-0.55,0.06,2.0
780,9.33,0.4,4.19,-0.59,-0.41,0.02,2.0
781,9.41,0.13,4.34,-0.54,-0.42,0.02,2.0
782,9.79,0.38,3.05,-0.58,-0.56,-0.07,2.0
783,9.64,0.22,3.72,-0.55,-0.12,0.01,2.0
784,9.83,0.33,3.5,-0.59,-0.13,-0.01,2.0
785,9.67,0.09,3.3,-0.61,-0.02,-0.01,2.0
786,9.6,0.12,4.41,-0.63,0.46,-0.04,2.0
787,9.3,0.07,5.09,-0.59,0.53,-0.03,2.0
788,9.58,0.02,3.81,-0.64,-0.42,-0.06,2.0
789,9.67,0.27,3.62,-0.63,-0.39,-0.06,2.0
790,9.68,0.27,3.27,-0.62,-0.38,-0.06,2.0
791,9.74,0.15,2.93,-0.54,-0.09,-0.02,2.0
792,9.88,0.43,3.05,-0.56,0.47,-0.06,2.0
793,9.74,0.27,3.26,-0.71,-0.58,0.0,2.0
794,9.58,0.27,3.95,-0.45,0.58,0.05,2.0
795,9.53,0.12,4.51,-0.46,0.62,0.01,2.0
796,9.58,0.18,3.71,-0.74,-0.62,-0.07,2.0
797,9.7,0.17,3.79,-0.7,-0.48,-0.04,2.0
798,9.91,0.13,3.08,-0.7,-0.35,-0.04,2.0
799,9.89,0.03,2.94,-0.6,-0.32,-0.02,2.0
800,9.85,0.12,2.81,-0.58,-0.3,0.0,2.0
801,9.68,0.25,4.42,-0.62,0.55,-0.1,2.0
802,9.61,0.33,4.16,-0.57,0.45,-0.01,2.0
803,9.19,0.23,4.44,-0.67,0.58,-0.06,2.0
804,9.3,0.24,5.04,-0.66,-0.66,-0.09,2.0
805,9.58,0.29,3.64,-0.62,-0.44,0.01,2.0
806,9.69,0.27,3.51,-0.69,-0.36,0.02,2.0
807,9.91,0.25,2.92,-0.62,-0.32,-0.05,2.0
808,9.53,0.25,4.18,-0.57,0.31,-0.02,2.0
809,9.56,0.19,4.57,-0.58,0.19,-0.02,2.0
810,9.45,0.31,4.98,-0.61,0.03,-0.03,2.0
811,9.55,0.38,3.67,-0.66,-0.52,0.04,2.0
812,9.89,0.38,2.94,-0.61,-0.35,0.02,2.0
813,9.45,0.32,4.37,-0.57,0.32,-0.05,2.0
814,9.36,0.29,4.8,-0.62,0.29,-0.02,2.0
815,9.15,0.29,5.25,-0.64,0.27,-0.02,2.0
816,9.12,0.28,5.49,-0.61,0.12,-0.05,2.0
817,9.5,0.37,3.24,-0.76,-0.7,-0.08,2.0
818,9.27,0.26,4.61,-0.59,0.38,-0.01,2.0
819,9.59,0.41,4.97,-0.57,0.3,0.03,2.0
820,9.36,0.29,3.73,-0.61,-0.62,0.01,2.0
821,9.51,0.23,3.87,-0.61,-0.24,-0.03,2.0
822,9.49,0.3,3.62,-0.64,0.32,-0.07,2.0
823,9.22,0.21,4.8,-0.62,0.24,-0.02,2.0
824,9.33,0.27,4.52,-0.49,-0.0,-0.0,2.0
825,9.73,0.3,3.86,-0.63,-0.17,-0.07,2.0
826,9.37,0.59,3.97,-0.58,-0.07,-0.03,2.0
827,9.6,0.44,3.75,-0.58,-0.12,0.03,2.0
828,9.86,0.35,3.34,-0.62,0.17,-0.02,2.0
829,9.63,0.3,3.81,-0.63,-0.26,-0.01,2.0
830,9.83,0.19,3.57,-0.62,-0.21,-0.01,2.0
831,9.79,0.21,3.36,-0.64,-0.09,0.0,2.0
832,9.98,0.08,3.26,-0.61,0.0,0.02,2.0
833,9.78,0.1,3.16,-0.59,0.16,-0.02,2.0
834,9.58,0.22,4.32,-0.58,0.07,-0.05,2.0
835,9.47,0.35,3.65,-0.56,-0.13,-0.03,2.0
836,9.58,0.3,3.23,-0.58,-0.28,-0.01,2.0
837,9.99,0.31,3.19,-0.65,0.01,-0.0,2.0
838,9.86,0.26,3.22,-0.61,0.0,-0.01,2.0
839,9.89,0.29,2.81,-0.64,0.14,-0.07,2.0
840,9.75,-0.08,2.62,-0.53,-0.2,0.05,2.0
841,10.0,0.03,2.48,-0.52,-0.13,0.05,2.0
842,9.56,-0.12,4.2,-0.6,0.65,-0.07,2.0
843,9.0,0.02,5.07,-0.63,0.49,0.02,2.0
844,9.31,-0.21,4.75,-0.53,0.33,0.01,2.0
845,9.22,0.02,4.98,-0.57,-0.05,-0.05,2.0
846,9.53,-0.11,3.67,-0.62,-0.24,0.01,2.0
847,9.64,-0.11,3.58,-0.6,-0.04,-0.03,2.0
848,8.88,0.19,5.6,-0.59,0.64,-0.11,2.0
849,9.11,0.21,5.31,-0.53,0.08,-0.07,2.0
850,9.52,0.24,4.49,-0.57,-0.43,-0.03,2.0
851,9.5,0.32,4.1,-0.62,-0.52,-0.04,2.0
852,9.7,0.01,4.01,-0.67,-0.2,0.01,2.0
853,9.79,0.24,3.11,-0.68,-0.18,-0.02,2.0
854,9.7,0.3,3.46,-0.62,0.51,-0.01,2.0
855,9.48,0.02,5.13,-0.66,0.76,-0.03,2.0
856,8.94,0.04,6.03,-0.67,0.49,-0.03,2.0
857,9.27,0.19,4.71,-0.6,-0.51,-0.08,2.0
858,9.37,0.43,4.63,-0.59,-0.47,-0.09,2.0
859,9.4,0.22,4.29,-0.65,-0.19,-0.08,2.0
860,9.46,0.1,4.24,-0.62,0.15,-0.03,2.0
861,8.83,0.39,5.4,-0.59,0.46,-0.08,2.0
862,8.67,0.4,5.74,-0.62,0.49,-0.11,2.0
863,8.68,0.35,5.96,-0.59,0.28,-0.04,2.0
864,8.69,0.28,6.11,-0.57,0.12,-0.04,2.0
865,8.49,0.37,5.96,-0.64,-0.1,-0.08,2.0
866,8.54,0.44,6.31,-0.65,-0.43,-0.06,2.0
867,9.0,0.36,4.99,-0.61,-0.7,0.01,2.0
868,9.33,0.48,4.63,-0.6,-0.03,-0.03,2.0
869,9.38,0.51,4.19,-0.6,-0.52,0.01,2.0
870,9.41,0.34,4.55,-0.65,0.56,-0.05,2.0
871,9.44,0.27,5.05,-0.6,0.46,0.0,2.0
872,9.21,0.21,5.08,-0.55,0.43,-0.03,2.0
873,9.13,0.33,5.36,-0.58,0.28,-0.03,2.0
874,8.67,0.27,5.76,-0.55,0.24,-0.03,2.0
875,9.28,0.47,4.65,-0.57,-0.52,0.0,2.0
876,9.24,0.41,4.26,-0.55,0.69,-0.04,2.0
877,8.83,0.35,6.04,-0.64,0.23,-0.03,2.0
878,8.59,0.37,6.15,-0.54,0.03,-0.04,2.0
879,9.3,0.5,4.24,-0.55,-0.96,-0.05,2.0
880,9.32,0.46,4.34,-0.65,-0.78,-0.13,2.0
881,9.11,0.67,5.11,-0.6,0.28,-0.01,2.0
882,8.98,0.51,5.57,-0.63,0.15,-0.02,2.0
883,9.25,0.46,4.37,-0.6,-0.25,-0.01,2.0
884,9.45,0.49,4.42,-0.63,-0.21,-0.01,2.0
885,9.42,0.53,4.29,-0.63,0.02,-0.08,2.0
886,9.36,0.46,4.09,-0.6,0.26,-0.04,2.0
887,8.79,0.44,5.74,-0.63,0.09,-0.08,2.0
888,9.56,0.67,4.53,-0.59,-0.07,-0.03,2.0
889,9.77,0.77,4.45,-0.62,-0.03,-0.04,2.0
890,9.45,0.51,3.66,-0.62,-0.1,-0.05,2.0
891,9.47,0.56,3.75,-0.62,0.18,0.01,2.0
892,8.99,0.41,5.68,-0.59,0.15,-0.0,2.0
893,9.23,0.51,4.86,-0.56,-0.2,-0.04,2.0
894,9.17,0.45,4.72,-0.56,-0.21,-0.04,2.0
895,9.25,0.48,4.49,-0.57,-0.1,-0.06,2.0
896,9.31,0.54,4.32,-0.57,-0.14,-0.06,2.0
897,9.4,0.61,4.23,-0.57,-0.02,-0.02,2.0
898,9.13,0.51,4.78,-0.62,-0.05,-0.08,2.0
899,9.17,0.37,4.65,-0.57,-0.0,0.02,2.0
900,9.14,0.31,5.15,-0.53,-0.11,0.08,2.0
901,8.73,0.4,5.38,-0.54,-0.46,0.02,2.0
902,8.83,0.76,5.33,-0.54,-0.33,-0.06,2.0
903,9.09,0.62,5.19,-0.51,-0.33,-0.08,2.0
904,9.11,0.62,4.87,-0.59,-0.2,-0.03,2.0
905,9.28,0.66,4.76,-0.6,0.18,0.01,2.0
906,9.1,0.57,4.68,-0.54,0.23,0.04,2.0
907,9.14,0.37,4.42,-0.63,-0.23,-0.08,2.0
908,9.12,0.42,4.43,-0.6,-0.1,-0.08,2.0
909,8.64,0.5,5.85,-0.59,0.37,-0.03,2.0
910,8.76,0.37,5.55,-0.61,-0.08,-0.01,2.0
911,9.08,0.56,5.14,-0.62,0.07,-0.03,2.0
912,8.67,1.51,6.16,-0.7,0.28,-0.08,2.0
913,8.13,0.59,6.49,-0.6,0.06,-0.02,2.0
914,8.89,1.1,5.7,-0.67,0.0,0.01,2.0
915,8.82,1.12,5.62,-0.37,-0.29,0.08,2.0
916,8.39,0.56,5.7,-0.42,-0.52,-0.0,2.0
917,9.48,1.19,5.08,-0.35,-0.39,0.23,2.0
918,9.04,1.14,5.43,-0.67,0.3,-0.26,2.0
919,8.76,1.39,4.84,-0.58,0.0,-0.05,2.0
920,9.26,1.24,4.48,-0.87,-0.03,-0.05,2.0
921,9.35,0.37,4.95,-0.9,0.1,0.12,2.0
922,9.36,0.36,4.85,-0.54,-0.11,0.02,2.0
923,9.46,0.66,4.09,-0.58,-0.12,0.0,2.0
924,9.75,0.85,3.98,-0.63,-0.15,-0.01,2.0
925,9.94,0.77,3.7,-0.65,-0.06,-0.0,2.0
926,9.76,0.62,3.53,-0.63,0.11,-0.02,2.0
927,9.66,0.86,3.78,-0.72,-0.16,-0.08,2.0
928,9.45,0.76,3.68,-0.67,-0.02,-0.08,2.0
929,9.63,0.79,3.53,-0.68,-0.04,-0.07,2.0
930,9.65,0.44,3.78,-0.5,0.28,0.04,2.0
931,8.86,0.7,5.04,-0.65,0.06,-0.11,2.0
932,9.3,0.21,4.24,-0.7,-0.11,-0.06,2.0
933,9.67,0.63,3.67,-0.32,0.06,-0.13,2.0
934,9.73,0.47,2.6,-0.51,0.21,-0.02,2.0
935,9.81,0.17,3.12,-0.72,-0.08,0.13,2.0
936,9.61,0.11,3.41,-0.6,-0.04,0.01,2.0
937,9.95,0.23,3.15,-0.51,-0.35,0.0,2.0
938,9.91,0.42,2.56,-0.51,0.07,-0.1,2.0
939,9.82,0.53,2.74,-0.55,-0.02,-0.13,2.0
940,9.9,0.67,2.12,-0.55,0.14,-0.05,2.0
941,10.01,0.52,2.25,-0.56,0.31,-0.07,2.0
942,9.64,0.75,3.94,-0.54,0.53,-0.05,2.0
943,9.46,0.81,4.1,-0.6,0.25,-0.04,2.0
944,9.44,0.9,4.46,-0.71,-0.19,0.02,2.0
945,9.85,0.85,3.13,-0.58,-0.45,0.04,2.0
946,9.9,0.76,2.65,-0.63,-0.37,0.04,2.0
947,10.05,0.6,2.37,-0.62,-0.16,0.03,2.0
948,9.96,0.56,2.43,-0.63,-0.24,-0.01,2.0
949,10.0,0.55,2.07,-0.63,-0.19,-0.03,2.0
950,9.95,0.55,1.71,-0.53,0.18,-0.04,2.0
951,9.63,0.77,3.46,-0.48,0.44,0.11,2.0
952,9.67,0.62,3.97,-0.62,0.28,-0.09,2.0
953,9.77,0.79,3.83,-0.67,0.29,-0.12,2.0
954,9.25,0.85,4.24,-0.64,0.17,-0.1,2.0
955,9.97,0.61,3.29,-0.62,-0.13,0.05,2.0
956,9.83,0.56,3.16,-0.56,-0.01,0.01,2.0
957,9.97,0.58,3.23,-0.61,0.01,0.01,2.0
958,10.0,0.44,3.15,-0.61,-0.11,0.14,2.0
959,9.99,0.17,2.62,-0.62,0.05,0.07,2.0
960,9.79,0.39,4.13,-0.55,0.41,-0.04,2.0
961,9.18,0.42,4.88,-0.55,0.51,-0.1,2.0
962,9.34,0.49,4.77,-0.57,0.36,-0.07,2.0
963,9.17,0.64,5.09,-0.62,0.08,-0.07,2.0
964,9.57,0.63,3.81,-0.66,-0.23,0.0,2.0
965,9.61,0.4,3.58,-0.63,-0.28,-0.0,2.0
966,9.75,0.52,3.3,-0.72,-0.37,-0.04,2.0
967,9.4,0.56,4.7,-0.48,0.34,-0.04,2.0
968,9.35,0.66,5.03,-0.61,0.3,-0.09,2.0
969,9.08,0.62,5.32,-0.67,-0.01,-0.05,2.0
970,9.49,0.51,4.16,-0.76,-0.24,0.02,2.0
971,9.64,0.39,3.66,-0.64,-0.4,-0.01,2.0
972,9.69,0.41,3.35,-0.57,-0.44,-0.07,2.0
973,9.35,0.57,4.47,-0.62,0.46,-0.07,2.0
974,9.28,0.64,4.69,-0.64,0.23,-0.07,2.0
975,9.19,0.52,4.5,-0.57,-0.15,0.04,2.0
976,9.45,0.41,4.5,-0.53,-0.18,0.06,2.0
977,9.27,0.4,4.6,-0.58,-0.13,0.03,2.0
978,9.36,0.33,4.21,-0.6,-0.15,-0.03,2.0
979,9.4,0.37,4.17,-0.65,-0.18,-0.04,2.0
980,9.61,0.5,3.96,-0.53,0.14,-0.05,2.0
981,9.46,0.46,3.94,-0.52,0.32,-0.1,2.0
982,9.28,0.7,4.41,-0.65,-0.3,0.01,2.0
983,9.45,0.36,3.76,-0.76,-0.54,0.07,2.0
984,9.88,0.32,3.24,-0.64,0.03,0.0,2.0
985,9.91,0.17,3.11,-0.58,-0.13,0.03,2.0
986,9.87,0.16,3.22,-0.63,-0.08,-0.05,2.0
987,9.79,0.21,3.3,-0.73,0.0,-0.07,2.0
988,10.03,0.21,2.76,-0.69,0.21,-0.04,2.0
989,9.29,0.2,5.45,-0.46,0.69,0.09,2.0
990,9.48,-0.04,5.04,-0.61,0.16,0.05,2.0
991,9.09,0.05,5.04,-0.57,0.18,-0.11,2.0
992,9.43,0.26,3.8,-0.59,-0.24,0.05,2.0
993,9.37,0.21,4.12,-0.65,-0.26,-0.01,2.0
994,9.41,0.2,3.79,-0.71,-0.13,-0.05,2.0
995,9.62,0.06,3.73,-0.66,0.15,-0.04,2.0
996,9.23,0.23,5.66,-0.69,-0.81,0.15,2.0
997,9.37,0.24,3.92,-0.63,-0.8,0.1,2.0
998,9.78,0.43,3.33,-0.64,-0.05,-0.05,2.0
999,9.79,0.25,3.32,-0.53,0.25,-0.07,2.0
1000,9.27,0.38,4.76,-0.45,0.35,-0.11,2.0
1001,9.8,0.48,3.6,-0.78,-0.25,0.08,2.0
1002,9.89,-0.22,3.53,-0.63,-0.26,-0.02,2.0
1003,9.89,0.03,3.01,-0.56,-0.15,0.0,2.0
1004,9.74,-0.02,3.28,-0.61,0.08,0.08,2.0
1005,10.01,0.0,2.89,-0.61,0.17,0.12,2.0
1006,9.78,-0.46,3.03,-0.48,0.33,0.1,2.0
1007,9.28,-0.24,4.59,-0.43,0.3,-0.1,2.0
1008,9.6,-0.03,4.41,-0.59,-0.07,-0.15,2.0
1009,9.65,-0.06,3.49,-0.55,-0.13,-0.11,2.0
1010,9.6,0.18,3.51,-0.62,0.08,-0.12,2.0
1011,9.55,0.17,3.36,-0.64,0.05,0.03,2.0
1012,9.78,0.09,3.58,-0.7,-0.12,0.05,2.0
1013,9.5,0.11,3.37,-0.68,-0.09,-0.01,2.0
1014,9.85,0.18,3.41,-0.41,0.06,0.04,2.0
1015,9.78,0.09,3.14,-0.61,0.03,-0.04,2.0
1016,9.65,0.09,3.31,-0.66,-0.32,0.0,2.0
1017,9.79,0.29,3.33,-0.56,-0.05,-0.03,2.0
1018,9.74,0.32,3.2,-0.48,0.32,-0.11,2.0
1019,10.72,-1.01,2.23,-0.94,0.82,-0.11,2.0
1020,8.93,0.38,6.13,-0.73,0.22,-0.13,2.0
1021,9.13,0.35,5.19,-0.52,0.24,-0.09,2.0
1022,9.06,0.34,5.21,-0.45,0.19,-0.11,2.0
1023,9.16,0.48,5.21,-0.43,0.17,-0.11,2.0
1024,8.83,0.79,5.22,-0.52,0.18,-0.06,2.0
1025,8.9,-0.12,5.21,-0.65,-0.18,-0.06,2.0
1026,8.6,-0.16,4.87,-0.53,-0.19,-0.03,2.0
1027,8.59,-0.08,4.79,-0.6,-0.36,-0.02,2.0
1028,9.37,-0.03,4.31,-0.66,-0.2,-0.03,2.0
1029,9.35,0.25,4.32,-0.6,-0.12,-0.03,2.0
1030,9.48,0.02,3.96,-0.58,-0.09,0.0,2.0
1031,9.41,-0.03,3.82,-0.61,-0.05,-0.03,2.0
1032,9.27,0.16,4.21,-0.6,-0.12,0.04,2.0
1033,9.49,0.28,4.24,-0.55,-0.0,-0.0,2.0
1034,9.58,0.35,4.22,-0.66,-0.24,-0.12,2.0
1035,9.6,0.43,3.74,-0.35,-0.14,-0.12,2.0
1036,9.52,0.46,3.21,-0.41,-0.14,-0.0,2.0
1037,9.86,0.25,3.51,-0.54,0.26,-0.01,2.0
1038,9.28,0.34,4.99,-0.5,0.38,0.11,2.0
1039,9.02,0.57,5.49,-0.6,0.14,0.0,2.0
1040,9.32,0.11,4.39,-0.56,-0.26,0.03,2.0
1041,9.38,0.13,4.61,-0.52,-0.18,-0.03,2.0
1042,9.44,0.1,4.29,-0.54,-0.17,-0.02,2.0
1043,9.41,0.19,4.3,-0.55,-0.17,-0.01,2.0
1044,9.69,0.18,4.12,-0.61,-0.17,-0.03,2.0
1045,9.59,0.09,3.94,-0.62,-0.09,-0.02,2.0
1046,9.72,0.18,3.76,-0.58,-0.14,0.02,2.0
1047,9.77,0.17,3.52,-0.57,0.41,-0.06,2.0
1048,9.44,0.2,4.8,-0.62,0.34,-0.09,2.0
1049,9.24,0.36,4.33,-0.78,-0.51,-0.09,2.0
1050,9.21,0.34,4.27,-0.55,-0.25,0.06,2.0
1051,9.66,0.39,4.11,-0.6,0.08,0.0,2.0
1052,9.45,0.2,4.07,-0.6,0.16,-0.07,2.0
1053,9.27,0.38,4.25,-0.62,-0.07,-0.02,2.0
1054,9.37,0.38,4.39,-0.59,0.09,-0.05,2.0
1055,9.09,0.42,4.37,-0.57,0.19,-0.02,2.0
1056,8.9,0.75,4.42,-0.63,0.36,-0.1,2.0
1057,9.0,-0.13,5.21,-0.55,0.1,0.06,2.0
1058,9.39,0.1,4.66,-0.7,-0.15,-0.1,2.0
1059,9.39,0.01,4.55,-0.67,-0.1,-0.09,2.0
1060,9.41,0.22,4.39,-0.78,-0.14,-0.07,2.0
1061,9.24,-0.18,4.1,-0.73,-0.15,-0.06,2.0
1062,9.27,0.04,4.36,-0.69,0.03,-0.05,2.0
1063,9.75,-0.69,4.83,-0.71,-0.02,-0.14,2.0
1064,9.23,0.32,3.94,-0.51,-0.19,-0.01,2.0
1065,9.74,0.2,3.2,-0.51,-0.47,-0.03,2.0
1066,9.76,0.3,3.11,-0.59,-0.06,0.01,2.0
1067,9.85,0.35,2.89,-0.5,0.23,-0.04,2.0
1068,9.45,0.55,4.76,-0.56,0.64,-0.07,2.0
1069,9.36,0.46,4.64,-0.55,0.33,-0.04,2.0
1070,9.07,0.58,5.12,-0.49,0.32,0.0,2.0
1071,9.2,0.57,5.35,-0.44,0.29,-0.01,2.0
1072,9.0,0.79,5.4,-0.64,-0.07,-0.03,2.0
1073,9.49,0.38,3.7,-0.88,-0.77,0.21,2.0
1074,9.52,0.37,4.06,-0.65,0.14,-0.1,2.0
1075,9.45,0.47,4.07,-0.68,0.01,-0.05,2.0
1076,9.65,0.48,3.88,-0.66,0.04,-0.03,2.0
1077,9.56,0.36,3.88,-0.62,0.1,-0.04,2.0
1078,9.33,0.53,3.7,-0.74,-0.54,0.06,2.0
1079,9.56,0.5,4.0,-0.57,-0.29,0.02,2.0
1080,9.61,0.37,3.92,-0.63,-0.36,0.03,2.0
1081,9.76,0.38,3.44,-0.59,-0.04,-0.0,2.0
1082,9.79,0.36,3.18,-0.51,0.32,-0.1,2.0
1083,9.23,0.51,4.84,-0.59,0.11,-0.02,2.0
1084,9.36,0.25,4.02,-0.91,-0.49,0.08,2.0
1085,9.38,0.13,2.83,-0.64,-0.44,0.08,2.0
1086,9.77,0.22,3.24,-0.51,-0.11,0.0,2.0
1087,9.67,0.1,3.17,-0.47,0.32,-0.06,2.0
1088,9.21,0.49,5.02,-0.46,0.15,0.02,2.0
1089,10.64,-1.09,3.95,-0.71,-0.25,-0.08,2.0
1090,8.92,0.48,5.77,-0.57,0.11,0.01,2.0
1091,9.33,-0.11,5.01,-0.54,-0.02,0.17,2.0
1092,9.43,0.32,4.3,-0.81,-0.03,-0.11,2.0
1093,9.75,0.23,3.47,-0.78,-0.26,-0.1,2.0
1094,9.73,0.37,3.58,-0.75,-0.16,-0.08,2.0
1095,9.68,0.38,3.41,-0.66,-0.23,-0.1,2.0
1096,9.85,0.46,3.19,-0.52,-0.01,-0.01,2.0
1097,9.81,0.57,2.88,-0.54,0.01,-0.02,2.0
1098,9.94,0.38,3.06,-0.61,0.12,-0.03,2.0
1099,9.9,0.32,3.35,-0.6,-0.12,0.0,2.0
1100,9.78,0.28,3.4,-0.66,-0.08,-0.0,2.0
1101,9.78,0.12,3.06,-0.69,-0.36,-0.0,2.0
1102,9.64,0.26,4.44,-0.49,0.5,0.05,2.0
1103,9.36,0.4,4.4,-0.79,0.4,-0.13,2.0
1104,9.32,0.22,5.04,-0.67,0.41,-0.01,2.0
1105,9.0,0.31,5.15,-0.58,0.23,-0.04,2.0
1106,8.93,0.5,5.25,-0.57,0.25,-0.02,2.0
1107,8.99,0.31,5.53,-0.58,0.19,0.0,2.0
1108,8.88,0.42,4.8,-0.62,-0.08,-0.02,2.0
1109,9.03,0.37,4.9,-0.57,-0.23,-0.03,2.0
1110,9.19,0.4,4.76,-0.61,-0.26,-0.04,2.0
1111,9.58,0.44,4.06,-0.65,-0.18,-0.08,2.0
1112,9.28,0.48,4.49,-0.62,-0.12,-0.04,2.0
1113,9.85,0.36,3.85,-0.45,0.05,-0.0,2.0
1114,9.41,0.21,4.18,-0.64,0.01,-0.13,2.0
1115,9.23,0.5,4.38,-0.61,0.35,-0.14,2.0
1116,9.06,0.42,5.27,-0.64,0.01,-0.11,2.0
1117,9.47,0.5,4.04,-0.51,-0.16,-0.04,2.0
1118,9.29,0.65,5.38,-0.65,0.31,-0.05,2.0
1119,8.83,0.24,5.58,-0.72,0.18,-0.06,2.0
1120,9.17,0.6,4.9,-0.54,-0.36,-0.01,2.0
1121,9.39,0.46,4.76,-0.53,-0.39,-0.05,2.0
1122,9.35,0.58,4.69,-0.6,-0.15,-0.07,2.0
1123,9.46,0.57,4.38,-0.55,-0.13,-0.04,2.0
1124,9.43,0.64,4.39,-0.57,-0.1,-0.03,2.0
1125,9.61,0.75,4.17,-0.57,-0.15,-0.04,2.0
1126,9.54,0.73,4.29,-0.57,-0.15,-0.03,2.0
1127,9.37,0.75,3.89,-0.59,-0.11,0.02,2.0
1128,9.56,0.65,3.74,-0.6,-0.15,0.01,2.0
1129,9.79,0.62,3.57,-0.61,-0.16,-0.02,2.0
1130,9.68,0.54,3.21,-0.64,-0.14,0.0,2.0
1131,9.79,0.5,3.26,-0.63,-0.14,-0.01,2.0
1132,9.73,0.46,3.07,-0.63,-0.12,-0.03,2.0
1133,9.82,0.44,2.94,-0.62,-0.0,-0.0,2.0
1134,9.55,0.52,4.28,-0.63,0.29,-0.03,2.0
1135,8.88,0.29,5.39,-0.58,0.12,-0.04,2.0
1136,8.53,0.34,5.3,-0.53,-0.15,-0.05,2.0
1137,9.57,0.1,5.5,-0.6,-0.11,-0.05,2.0
1138,8.65,0.52,5.15,-0.52,-0.17,-0.05,2.0
1139,9.12,0.74,4.78,-0.72,0.21,-0.17,2.0
1140,8.39,0.65,5.84,-0.62,0.37,0.02,2.0
1141,8.61,0.48,6.02,-0.35,0.1,0.14,2.0
1142,8.37,0.05,6.54,-0.71,-0.04,0.04,2.0
1143,8.9,0.27,5.74,-0.88,-0.06,-0.18,2.0
1144,8.83,0.23,5.6,-0.89,-0.01,-0.2,2.0
1145,8.94,0.25,5.6,-0.85,0.08,-0.17,2.0
1146,9.48,0.08,5.53,-0.84,0.05,-0.22,2.0
1147,9.17,-0.61,5.58,-0.84,-0.08,-0.43,2.0
1148,8.45,0.56,5.65,-0.86,-0.0,-0.32,2.0
1149,8.1,0.82,5.64,-0.82,0.0,-0.22,2.0
1150,9.0,0.28,5.1,-0.64,-0.07,-0.0,2.0
1151,9.24,0.41,4.75,-0.6,-0.26,0.02,2.0
1152,9.36,0.27,4.58,-0.6,-0.23,0.01,2.0
1153,9.41,0.21,4.32,-0.63,-0.22,-0.03,2.0
1154,9.54,0.17,4.02,-0.61,-0.04,-0.01,2.0
1155,9.33,0.2,4.09,-0.62,-0.25,-0.01,2.0
1156,9.49,0.02,4.16,-0.58,-0.15,-0.03,2.0
1157,9.73,0.19,4.08,-0.56,-0.12,-0.02,2.0
1158,9.64,0.09,3.73,-0.64,-0.0,-0.04,2.0
1159,9.76,0.21,3.43,-0.49,0.28,-0.04,2.0
1160,9.62,0.26,4.07,-0.65,-0.15,-0.03,2.0
1161,9.52,0.17,4.04,-0.6,-0.16,-0.01,2.0
1162,9.67,0.22,3.37,-0.6,-0.36,0.01,2.0
1163,9.78,0.25,3.28,-0.57,0.05,-0.01,2.0
1164,9.41,0.11,4.44,-0.63,-0.11,-0.0,2.0
1165,9.46,0.05,4.07,-0.6,-0.17,-0.02,2.0
1166,9.61,0.08,4.08,-0.61,-0.09,-0.02,2.0
1167,9.49,-0.04,4.01,-0.63,-0.09,-0.02,2.0
1168,9.56,0.13,4.02,-0.64,-0.12,-0.03,2.0
1169,9.7,0.03,3.75,-0.63,-0.11,-0.03,2.0
1170,9.62,0.07,3.73,-0.61,-0.08,-0.03,2.0
1171,9.64,0.06,3.7,-0.58,-0.06,-0.04,2.0
1172,9.34,0.33,4.85,-0.55,0.29,-0.04,2.0
1173,9.3,0.3,5.03,-0.59,0.34,-0.06,2.0
1174,9.06,0.3,5.17,-0.62,0.23,-0.07,2.0
1175,9.51,0.26,4.24,-0.56,-0.22,0.01,2.0
1176,9.56,0.2,4.12,-0.57,-0.16,0.02,2.0
1177,9.64,0.15,3.88,-0.57,-0.15,0.02,2.0
1178,9.8,0.25,3.74,-0.54,-0.08,0.0,2.0
1179,9.65,0.11,3.7,-0.5,0.06,0.0,2.0
1180,9.52,0.13,4.02,-0.52,0.1,0.01,2.0
1181,8.98,0.28,5.16,-0.63,0.37,-0.02,2.0
1182,9.05,0.23,5.55,-0.63,0.1,-0.03,2.0
1183,9.35,0.23,4.28,-0.6,-0.14,-0.04,2.0
1184,9.56,0.12,4.24,-0.67,-0.19,-0.03,2.0
1185,9.48,0.21,3.98,-0.68,-0.18,-0.02,2.0
1186,9.54,0.14,4.05,-0.68,-0.09,-0.05,2.0
1187,9.63,0.14,3.98,-0.63,-0.13,-0.05,2.0
1188,9.64,0.18,3.56,-0.54,0.02,-0.04,2.0
1189,9.31,0.48,4.25,-0.59,-0.19,-0.04,2.0
1190,9.52,0.33,3.83,-0.56,-0.09,0.01,2.0
1191,9.58,0.1,3.75,-0.58,0.05,0.03,2.0
1192,9.31,0.32,4.97,-0.77,-0.49,0.09,2.0
1193,9.64,0.16,3.64,-0.66,-0.28,0.01,2.0
1194,9.47,0.2,4.13,-0.61,-0.09,-0.01,2.0
1195,9.44,0.19,4.12,-0.61,-0.18,-0.02,2.0
1196,9.5,0.19,3.91,-0.6,-0.13,-0.01,2.0
1197,9.64,0.19,3.89,-0.58,0.04,-0.07,2.0
1198,9.58,0.29,3.77,-0.64,-0.32,-0.01,2.0
1199,9.68,0.22,3.71,-0.67,-0.36,0.0,2.0
1200,9.7,0.29,3.71,-0.6,-0.2,0.04,2.0
1201,9.8,0.18,3.43,-0.57,-0.09,0.03,2.0
1202,9.83,0.24,3.02,-0.45,0.09,0.02,2.0
1203,9.62,0.11,3.34,-0.62,0.4,0.02,2.0
1204,9.47,0.17,4.65,-0.62,0.35,-0.01,2.0
1205,9.33,0.13,4.87,-0.63,0.3,-0.02,2.0
1206,9.51,0.11,3.97,-0.71,-0.05,-0.04,2.0
1207,9.83,-0.03,2.75,-0.59,-0.46,-0.02,2.0
1208,9.78,0.02,3.36,-0.52,-0.03,-0.02,2.0
1209,9.71,-0.06,3.13,-0.52,0.3,-0.03,2.0
1210,9.2,0.37,5.28,-0.62,0.41,-0.09,2.0
1211,9.48,0.24,4.47,-0.64,-0.15,-0.01,2.0
1212,9.36,0.39,4.17,-0.6,-0.03,-0.02,2.0
1213,9.52,0.24,3.8,-0.55,-0.1,-0.04,2.0
1214,9.63,0.3,3.92,-0.59,-0.06,-0.04,2.0
1215,9.51,0.25,4.13,-0.66,-0.03,0.0,2.0
1216,9.28,-0.04,4.66,-0.63,-0.02,0.02,2.0
1217,9.2,-0.02,4.79,-0.56,0.0,0.06,2.0
1218,8.57,0.48,4.43,-0.54,-0.08,0.06,2.0
1219,9.13,0.19,4.29,-0.53,-0.08,0.09,2.0
1220,9.81,-0.07,3.75,-0.52,-0.1,0.03,2.0
1221,9.6,-0.13,3.44,-0.52,-0.23,0.01,2.0
1222,9.77,0.15,2.86,-0.72,-0.1,-0.1,2.0
1223,10.09,0.21,2.56,-0.8,0.11,-0.13,2.0
1224,9.06,0.9,5.69,-0.75,-0.33,-0.04,2.0
1225,9.45,0.79,4.18,-0.72,-0.36,-0.03,2.0
1226,9.44,0.55,4.02,-0.57,-0.1,0.03,2.0
1227,9.66,0.54,3.93,-0.49,-0.11,0.06,2.0
1228,9.94,0.57,3.57,-0.5,-0.12,-0.03,2.0
1229,9.83,0.32,3.37,-0.57,-0.16,0.05,2.0
1230,9.82,0.24,3.37,-0.58,-0.04,0.03,2.0
1231,9.87,0.26,3.29,-0.52,0.1,-0.0,2.0
1232,9.77,0.21,3.34,-0.41,0.34,-0.01,2.0
1233,9.39,0.32,4.72,-0.45,0.39,0.01,2.0
1234,9.64,0.15,3.68,-0.63,-0.17,0.0,2.0
1235,9.84,-0.05,3.76,-0.64,0.02,-0.02,2.0
1236,9.82,-0.15,3.31,-0.55,0.27,-0.06,2.0
1237,9.03,0.07,5.22,-0.68,0.08,-0.03,2.0
1238,8.72,0.08,5.55,-0.57,-0.03,-0.0,2.0
1239,9.32,0.16,4.07,-0.58,-0.05,-0.04,2.0
1240,9.32,0.21,4.23,-0.58,-0.16,0.05,2.0
1241,9.56,0.2,4.16,-0.52,-0.03,0.02,2.0
1242,9.63,0.24,3.44,-0.76,-0.54,0.02,2.0
1243,9.76,0.27,3.53,-0.57,-0.09,0.01,2.0
1244,9.62,0.27,3.29,-0.57,-0.11,-0.04,2.0
1245,9.76,0.31,3.24,-0.58,-0.07,-0.03,2.0
1246,9.8,0.39,3.06,-0.58,0.08,-0.05,2.0
1247,9.9,0.03,2.99,-0.6,0.1,-0.08,2.0
1248,9.76,-0.18,3.72,-0.57,0.21,-0.01,2.0
1249,9.47,0.18,4.41,-0.58,-0.34,0.09,2.0
1250,9.4,0.2,3.9,-0.56,-0.39,0.19,2.0
1251,9.52,0.17,4.07,-0.63,-0.06,-0.03,2.0
1252,9.64,0.23,3.65,-0.63,-0.14,-0.04,2.0
1253,9.59,0.38,3.84,-0.56,-0.18,0.07,2.0
1254,9.63,0.27,3.01,-0.67,-0.42,0.01,2.0
1255,9.85,0.28,3.48,-0.56,0.0,-0.02,2.0
1256,9.81,0.11,3.27,-0.55,0.09,-0.02,2.0
1257,9.82,0.34,3.03,-0.57,0.13,-0.04,2.0
1258,9.5,0.37,4.07,-0.58,0.2,-0.09,2.0
1259,9.39,0.45,4.7,-0.6,0.28,-0.05,2.0
1260,9.36,0.48,4.62,-0.57,0.23,-0.04,2.0
1261,9.14,0.4,5.17,-0.58,0.04,-0.02,2.0
1262,9.45,0.28,4.26,-0.71,-0.54,0.08,2.0
1263,9.54,0.38,3.19,-0.73,-0.31,-0.03,2.0
1264,9.79,0.28,3.47,-0.57,0.01,-0.06,2.0
1265,9.18,0.51,5.06,-0.55,0.42,-0.06,2.0
1266,9.5,0.28,3.31,-0.69,-0.75,0.1,2.0
1267,9.57,0.27,3.97,-0.56,-0.16,0.01,2.0
1268,9.71,0.25,3.79,-0.51,0.14,-0.04,2.0
1269,9.43,0.35,4.17,-0.68,-0.25,0.05,2.0
1270,9.54,0.36,4.01,-0.67,-0.16,-0.04,2.0
1271,9.36,0.45,5.26,-0.66,0.23,-0.04,2.0
1272,9.6,0.27,3.83,-0.66,-0.23,0.01,2.0
1273,9.28,0.18,3.84,-0.6,-0.29,0.02,2.0
1274,9.85,0.33,3.06,-0.47,-0.16,-0.06,2.0
1275,9.76,0.3,3.42,-0.67,-0.55,-0.06,2.0
1276,10.08,0.46,2.3,-0.52,-0.09,-0.06,2.0
1277,9.66,0.56,3.63,-0.81,0.05,-0.02,2.0
1278,9.71,0.17,4.5,-0.64,0.37,0.05,2.0
1279,9.58,0.12,3.09,-0.52,0.26,-0.1,2.0
1280,9.51,0.34,4.15,-0.59,0.28,-0.14,2.0
1281,9.68,0.51,4.72,-0.61,0.1,-0.14,2.0
1282,9.62,0.05,3.65,-0.74,-0.41,0.09,2.0
1283,9.47,0.37,3.9,-0.46,-0.16,0.01,2.0
1284,9.58,0.45,3.74,-0.56,-0.21,-0.02,2.0
1285,9.58,0.31,3.67,-0.44,0.02,-0.01,2.0
1286,9.68,0.45,3.43,-0.53,0.23,-0.06,2.0
1287,9.62,0.42,3.34,-0.98,-0.56,0.05,2.0
1288,9.63,0.17,3.61,-0.68,-0.26,0.09,2.0
1289,9.77,0.13,3.32,-0.47,0.45,-0.12,2.0
1290,9.31,0.49,4.93,-0.57,0.29,-0.03,2.0
1291,9.1,0.63,5.43,-0.57,0.12,-0.05,2.0
1292,9.44,0.49,4.47,-0.74,-0.36,-0.02,2.0
1293,9.62,0.35,3.85,-0.87,-0.41,0.04,2.0
1294,9.28,0.24,3.55,-0.73,-0.36,0.08,2.0
1295,9.66,0.16,3.47,-0.56,-0.03,-0.04,2.0
1296,9.79,0.29,3.39,-0.35,0.4,-0.12,2.0
1297,9.21,0.51,4.87,-0.67,0.43,-0.12,2.0
1298,9.19,0.62,5.35,-0.67,0.32,-0.05,2.0
1299,9.22,1.07,5.08,0.17,0.38,0.15,2.0
1300,15.17,-3.82,-3.69,-1.93,0.56,0.39,2.0
1301,9.14,0.36,5.07,-0.62,0.34,-0.13,2.0
1302,8.96,0.59,5.21,-0.6,0.3,-0.16,2.0
1303,8.84,0.63,5.53,-0.55,0.24,-0.03,2.0
1304,8.79,0.76,5.64,-0.47,0.23,-0.03,2.0
1305,8.65,0.87,5.71,-0.51,0.2,0.0,2.0
1306,8.48,0.86,6.0,-0.55,0.07,-0.03,2.0
1307,9.04,0.79,5.04,-0.55,-0.12,0.11,2.0
1308,9.0,0.94,5.02,-0.56,-0.12,0.04,2.0
1309,9.18,0.58,4.89,-0.68,-0.01,-0.06,2.0
1310,10.21,-0.26,4.22,-0.9,0.13,-0.22,2.0
1311,8.83,1.0,4.91,-0.71,-0.02,0.04,2.0
1312,9.56,-0.3,4.24,-0.25,-0.33,0.29,2.0
1313,9.62,0.12,3.78,-0.56,-0.45,0.01,2.0
1314,9.92,0.47,2.6,-0.63,0.02,-0.05,2.0
1315,9.98,0.56,2.31,-0.56,0.06,-0.04,2.0
1316,9.58,0.67,4.33,-0.62,0.23,-0.06,2.0
1317,9.65,0.51,3.69,-0.53,-0.69,0.09,2.0
1318,9.75,0.55,3.38,-0.58,-0.27,0.01,2.0
1319,10.0,0.41,2.45,-0.54,0.08,0.04,2.0
1320,9.7,0.39,3.76,-0.66,0.53,-0.07,2.0
1321,9.74,0.45,4.0,-0.67,0.49,-0.07,2.0
1322,9.43,0.34,4.45,-0.65,0.02,-0.04,2.0
1323,9.64,0.42,3.88,-0.67,-0.25,-0.04,2.0
1324,9.72,0.4,3.9,-0.63,-0.29,-0.07,2.0
1325,9.71,0.49,3.5,-0.51,-0.13,-0.01,2.0
1326,9.94,0.46,2.99,-0.54,0.08,-0.0,2.0
1327,9.93,0.48,2.92,-0.6,0.17,-0.07,2.0
1328,9.86,0.44,3.14,-0.63,-0.31,0.01,2.0
1329,9.72,0.26,3.19,-0.63,-0.04,-0.07,2.0
1330,9.84,0.41,3.2,-0.63,-0.04,-0.09,2.0
1331,9.93,0.57,2.95,-0.62,0.05,-0.07,2.0
1332,9.22,0.64,4.76,-0.63,0.34,-0.11,2.0
1333,9.21,0.67,4.9,-0.54,0.07,-0.01,2.0
1334,9.59,0.42,3.84,-0.59,-0.32,-0.04,2.0
1335,9.47,0.62,4.1,-0.55,-0.19,-0.01,2.0
1336,9.68,0.44,3.65,-0.55,-0.25,0.06,2.0
1337,9.79,0.35,3.54,-0.58,-0.09,-0.03,2.0
1338,9.2,0.62,4.75,-0.54,0.27,-0.0,2.0
1339,9.4,0.42,5.12,-0.78,-0.4,-0.01,2.0
1340,9.59,0.36,3.96,-0.68,-0.67,0.06,2.0
1341,9.9,0.36,3.15,-0.64,-0.06,-0.04,2.0
1342,9.9,0.46,3.11,-0.59,-0.03,-0.02,2.0
1343,9.78,0.42,2.9,-0.57,0.11,-0.0,2.0
1344,9.14,0.38,5.17,-0.55,0.64,-0.06,2.0
1345,9.72,0.67,3.47,-0.58,-0.32,-0.03,2.0
1346,9.68,0.62,3.58,-0.62,-0.19,-0.0,2.0
1347,9.56,0.76,3.14,-0.5,0.49,-0.11,2.0
1348,9.47,0.52,4.91,-0.73,0.48,-0.02,2.0
1349,9.19,-0.11,5.12,-0.52,0.15,0.15,2.0
1350,9.68,0.51,4.98,-0.71,-0.02,-0.15,2.0
1351,9.24,0.57,4.48,-0.57,-0.08,-0.01,2.0
1352,9.21,0.5,4.23,-0.63,-0.04,-0.08,2.0
1353,9.67,0.33,3.63,-0.57,0.45,-0.01,2.0
1354,8.53,0.63,7.13,-0.4,0.25,-0.01,2.0
1355,9.29,0.62,4.68,-0.37,-0.19,0.12,2.0
1356,9.39,0.49,4.39,-0.79,-0.06,-0.02,2.0
1357,10.06,-0.63,3.93,-0.88,0.09,-0.09,2.0
1358,9.56,0.37,4.08,-0.4,-0.63,0.03,2.0
1359,10.04,0.31,2.93,-0.6,-0.22,-0.04,2.0
1360,9.88,0.42,2.82,-0.64,-0.39,0.0,2.0
1361,9.58,0.49,4.57,-0.53,0.57,-0.03,2.0
1362,9.37,0.38,4.2,-0.6,0.37,-0.08,2.0
1363,9.97,0.79,2.95,-0.8,-0.26,-0.0,2.0
1364,9.67,0.54,3.41,-0.58,-0.08,0.07,2.0
1365,9.83,0.23,3.21,-0.58,-0.17,0.05,2.0
1366,9.84,0.26,2.96,-0.52,-0.18,0.06,2.0
1367,9.41,0.05,4.73,-0.62,0.5,-0.07,2.0
1368,8.89,0.1,5.43,-0.83,0.46,-0.08,2.0
1369,9.27,0.01,4.3,-0.62,-0.21,0.09,2.0
1370,9.43,-0.36,3.76,-0.67,-0.48,0.11,2.0
1371,9.62,-0.45,2.84,-0.69,-0.27,-0.01,2.0
1372,9.83,-0.4,3.66,-0.59,-0.1,-0.01,2.0
1373,9.99,-0.47,3.33,-0.53,-0.07,-0.11,2.0
1374,9.55,-0.2,3.14,-0.54,0.23,-0.23,2.0
1375,9.28,-0.05,4.44,-0.64,0.15,-0.08,2.0
1376,9.71,0.08,3.56,-0.57,0.39,-0.07,2.0
1377,9.59,-0.25,3.11,-0.71,-0.13,0.01,2.0
1378,9.62,-0.39,3.61,-0.56,0.03,-0.02,2.0
1379,9.67,-0.28,3.31,-0.55,0.19,-0.01,2.0
1380,9.77,-0.44,3.96,-0.4,-0.38,0.02,2.0
1381,9.69,-0.38,3.69,-0.47,-0.41,0.01,2.0
1382,9.67,-0.44,3.24,-0.57,-0.44,-0.02,2.0
1383,9.5,-0.09,4.63,-0.56,0.64,-0.11,2.0
1384,9.29,-0.24,4.87,-0.61,0.4,-0.03,2.0
1385,9.26,-0.09,5.21,-0.54,0.25,-0.04,2.0
1386,9.21,-0.16,5.31,-0.55,0.03,-0.02,2.0
1387,9.71,-0.33,3.18,-0.59,-0.24,-0.03,2.0
1388,9.44,0.03,3.57,-0.7,-0.06,-0.08,2.0
1389,9.87,-0.14,3.57,-0.72,-0.22,-0.04,2.0
1390,9.61,-0.28,3.14,-0.54,-0.04,0.0,2.0
1391,9.71,-0.08,3.21,-0.68,-0.11,-0.07,2.0
1392,9.85,-0.06,3.14,-0.6,-0.02,-0.02,2.0
1393,9.9,-0.1,3.01,-0.6,0.03,-0.02,2.0
1394,9.95,0.17,2.48,-0.65,-0.16,0.03,2.0
1395,9.52,-0.21,3.91,-0.56,0.63,-0.09,2.0
1396,9.44,0.03,4.54,-0.58,0.38,-0.07,2.0
1397,9.36,-0.02,4.52,-0.58,0.31,-0.07,2.0
1398,9.1,0.27,4.83,-0.4,0.38,-0.05,2.0
1399,8.59,0.44,5.14,-0.58,0.46,-0.07,2.0
1400,8.55,0.71,5.4,-0.76,0.36,-0.11,2.0
1401,8.99,0.08,5.45,-0.78,-0.04,-0.12,2.0
1402,8.95,0.11,5.76,-0.88,-0.07,-0.05,2.0
1403,9.36,-0.19,4.27,-0.77,-0.52,0.01,2.0
1404,9.52,-0.57,4.55,-0.48,0.56,-0.0,2.0
1405,8.98,-0.06,5.36,-0.56,0.32,-0.16,2.0
1406,8.89,1.1,6.14,-1.08,-0.43,-0.18,2.0
1407,9.5,0.11,3.69,-0.7,-0.91,-0.12,2.0
1408,9.68,0.79,3.85,-0.73,-0.02,-0.13,2.0
1409,9.37,0.75,3.95,-0.71,-0.04,-0.05,2.0
1410,9.78,0.45,3.02,-0.72,-0.53,0.11,2.0
1411,9.89,0.18,3.02,-0.34,-0.08,0.06,2.0
1412,10.45,-0.94,3.63,-0.85,0.2,-0.2,2.0
1413,9.77,0.35,4.37,-0.51,-0.15,-0.11,2.0
1414,9.73,0.46,3.51,-0.5,-0.31,-0.08,2.0
1415,9.97,0.27,3.39,-0.58,-0.28,-0.03,2.0
1416,9.67,0.57,2.72,-0.56,-0.33,-0.08,2.0
1417,9.72,0.59,2.54,-0.43,0.34,-0.01,2.0
1418,9.48,0.95,3.24,-0.68,0.49,0.04,2.0
1419,9.76,0.68,4.4,-0.79,0.53,-0.03,2.0
1420,9.22,0.4,5.01,-0.52,0.66,-0.07,2.0
1421,9.92,-0.21,4.08,-0.36,0.16,-0.02,2.0
1422,8.86,0.91,4.37,-0.27,0.07,0.08,2.0
1423,9.29,0.73,5.04,-0.42,0.15,0.0,2.0
1424,9.76,-0.05,2.61,-0.7,-1.0,0.09,2.0
1425,9.64,0.27,3.46,-0.52,-0.26,0.06,2.0
1426,9.86,0.0,2.55,-0.21,0.14,0.03,2.0
1427,9.47,0.29,5.3,-0.27,0.76,0.04,2.0
1428,10.02,0.28,3.25,-0.67,-0.26,-0.01,2.0
1429,9.63,0.0,3.37,-0.42,-0.5,0.07,2.0
1430,9.79,0.24,3.03,-0.58,0.15,0.04,2.0
1431,9.9,0.39,2.6,-0.72,0.23,-0.06,2.0
1432,9.28,0.51,4.69,-0.67,0.21,-0.08,2.0
1433,9.26,0.39,5.06,-0.65,0.27,-0.05,2.0
1434,9.48,0.28,4.88,-0.61,0.02,-0.02,2.0
1435,9.52,0.39,3.71,-0.58,-0.36,0.02,2.0
1436,9.66,0.26,3.65,-0.57,-0.15,0.01,2.0
1437,9.59,0.3,3.53,-0.62,-0.29,-0.07,2.0
1438,9.96,0.32,3.14,-0.61,0.18,-0.0,2.0
1439,9.36,0.52,4.42,-0.75,0.4,-0.13,2.0
1440,9.33,0.3,4.7,-0.75,0.34,-0.05,2.0
1441,9.35,0.2,4.84,-0.44,-0.63,-0.02,2.0
1442,9.44,0.15,3.44,-0.49,-0.56,-0.03,2.0
1443,9.75,0.29,3.44,-0.56,-0.0,0.0,2.0
1444,9.76,0.29,3.45,-0.59,-0.02,0.02,2.0
1445,9.63,0.22,3.32,-0.58,-0.02,0.03,2.0
1446,9.73,0.18,3.35,-0.65,-0.01,-0.02,2.0
1447,9.86,0.18,3.19,-0.61,-0.04,-0.03,2.0
1448,9.96,0.16,2.86,-0.67,0.08,-0.08,2.0
1449,8.96,0.28,4.72,-0.64,0.09,-0.05,2.0
1450,9.45,0.05,3.82,-0.59,-0.12,-0.03,2.0
1451,9.75,0.0,3.9,-0.71,-0.03,-0.05,2.0
1452,9.57,-0.04,3.93,-0.67,0.0,-0.03,2.0
1453,9.54,0.28,4.11,-0.69,-0.56,-0.01,2.0
1454,9.71,0.0,3.63,-0.61,-0.22,-0.01,2.0
1455,9.62,-0.03,3.57,-0.65,-0.25,-0.02,2.0
1456,9.85,0.05,3.38,-0.55,0.07,-0.04,2.0
1457,9.81,0.16,3.12,-0.48,0.12,-0.12,2.0
1458,9.63,-0.08,3.64,-0.58,-0.0,-0.0,2.0
1459,9.39,0.17,4.92,-0.57,0.23,-0.03,2.0
1460,9.51,-0.03,3.59,-0.63,-0.28,-0.05,2.0
1461,9.63,0.15,3.63,-0.68,-0.26,-0.02,2.0
1462,9.88,0.06,3.49,-0.65,0.09,-0.02,2.0
1463,9.97,0.07,2.75,-0.58,-0.1,0.04,2.0
1464,9.84,-0.1,2.48,-0.45,0.06,0.03,2.0
1465,9.55,0.06,4.14,-0.44,0.32,-0.04,2.0
1466,9.38,0.29,4.75,-0.59,0.24,-0.06,2.0
1467,9.74,-0.13,4.35,-0.65,0.12,-0.08,2.0
1468,9.12,0.31,3.85,-0.63,-0.09,-0.05,2.0
1469,10.1,-0.51,3.04,-0.89,0.26,-0.37,2.0
1470,8.78,1.44,4.97,-0.93,-0.11,-0.22,2.0
1471,9.24,-0.06,4.56,-0.44,0.12,0.01,2.0
1472,9.74,0.14,4.24,-0.67,-0.02,-0.03,2.0
1473,9.27,-0.03,4.27,-0.61,0.15,-0.01,2.0
1474,9.47,0.45,4.15,-0.59,-0.18,-0.09,2.0
1475,9.5,0.48,3.93,-0.61,-0.22,-0.07,2.0
1476,9.48,0.62,3.57,-0.56,-0.18,-0.07,2.0
1477,9.68,0.55,3.81,-0.6,-0.07,-0.05,2.0
1478,9.81,0.44,3.51,-0.64,-0.17,-0.11,2.0
1479,9.69,0.68,3.36,-0.59,-0.03,-0.01,2.0
1480,9.67,0.6,3.06,-0.52,0.25,-0.03,2.0
1481,9.71,0.41,3.73,-0.59,-0.49,0.06,2.0
1482,9.8,0.33,2.71,-0.51,-0.59,0.04,2.0
1483,9.73,0.4,3.15,-0.58,-0.13,0.02,2.0
1484,9.83,0.23,2.97,-0.49,-0.0,0.04,2.0
1485,9.9,0.23,2.78,-0.58,-0.03,-0.01,2.0
1486,9.88,0.22,2.34,-0.55,0.09,-0.03,2.0
1487,9.71,0.39,3.8,-0.49,0.36,-0.04,2.0
1488,9.66,0.22,4.28,-0.58,0.35,-0.04,2.0
1489,9.52,0.43,3.95,-0.6,0.42,-0.05,2.0
1490,9.48,0.31,4.68,-0.69,0.22,0.0,2.0
1491,9.27,0.43,4.63,-0.52,0.16,-0.0,2.0
1492,9.84,0.17,3.07,-0.72,-0.24,-0.05,2.0
1493,9.7,0.17,3.49,-0.56,-0.17,0.03,2.0
1494,10.13,0.06,3.02,-0.56,-0.09,0.07,2.0
1495,9.37,0.07,3.75,-0.64,0.2,-0.11,2.0
1496,9.36,0.18,4.77,-0.61,0.27,-0.03,2.0
1497,10.0,0.23,3.42,-0.56,-0.11,-0.01,2.0
1498,9.62,0.08,4.46,-0.97,-0.54,0.09,2.0
1499,9.39,0.16,2.97,-0.89,-0.5,0.07,2.0
1500,9.27,0.22,4.51,-0.48,0.45,-0.09,2.0
1501,9.26,0.32,5.11,-0.56,0.4,-0.01,2.0
1502,9.3,0.36,5.32,-0.62,-0.06,-0.03,2.0
1503,9.28,0.15,5.71,-0.88,-0.53,0.01,2.0
1504,9.55,0.13,3.32,-0.86,-0.73,-0.07,2.0
1505,9.67,0.17,3.58,-0.59,-0.06,-0.01,2.0
1506,9.28,-0.12,4.97,-0.59,0.04,-0.05,2.0
1507,9.31,-0.02,5.04,-0.69,0.07,-0.03,2.0
1508,9.03,0.61,4.95,-0.48,-0.13,0.09,2.0
1509,9.53,-0.43,4.57,-0.33,-0.21,0.02,2.0
1510,9.39,0.49,4.53,-0.73,0.08,-0.11,2.0
1511,9.33,0.48,4.3,-0.62,-0.24,-0.02,2.0
1512,9.53,0.24,4.11,-0.56,-0.24,0.0,2.0
1513,9.61,0.34,3.21,-0.52,-0.1,-0.0,2.0
1514,9.74,0.48,3.63,-0.5,0.01,0.0,2.0
1515,9.75,0.04,3.63,-0.62,0.02,-0.02,2.0
1516,9.61,0.1,3.89,-0.51,0.07,-0.01,2.0
1517,9.63,0.07,4.28,-0.64,0.05,-0.02,2.0
1518,9.59,0.35,3.54,-0.63,-0.03,-0.06,2.0
1519,9.87,0.36,3.55,-0.62,-0.06,-0.02,2.0
1520,10.06,0.48,3.35,-0.66,0.12,-0.02,2.0
1521,9.15,0.14,4.38,-0.59,0.19,-0.0,2.0
1522,9.57,0.0,4.19,-0.58,0.04,-0.0,2.0
1523,9.94,0.31,3.51,-0.65,0.14,-0.01,2.0
1524,9.88,0.48,3.47,-0.59,0.05,-0.0,2.0
1525,8.9,0.45,4.18,-0.57,0.08,-0.04,2.0
1526,9.12,0.39,4.22,-0.63,0.03,-0.09,2.0
1527,9.61,-0.09,4.18,-0.6,0.18,-0.01,2.0
1528,9.19,1.08,4.1,-0.59,-0.02,-0.23,2.0
1529,9.44,-0.03,4.31,-0.58,0.09,0.09,2.0
1530,9.37,-0.14,4.37,-0.59,-0.02,-0.11,2.0
1531,9.46,1.15,4.23,-0.62,-0.02,0.01,2.0
1532,9.3,-0.17,4.24,-0.48,0.07,0.13,2.0
1533,10.28,0.45,3.66,-0.61,0.09,-0.04,2.0
1534,8.93,0.47,4.44,-0.63,0.03,-0.07,2.0
1535,10.24,0.49,3.96,-0.58,0.06,0.02,2.0
1536,8.95,0.5,4.37,-0.61,-0.02,-0.11,2.0
1537,9.55,-0.3,4.32,-0.59,-0.01,-0.01,2.0
1538,9.49,1.65,4.27,-0.76,-0.0,-0.16,2.0
1539,9.49,-0.31,4.36,-0.51,0.13,0.03,2.0
1540,9.57,-0.17,4.19,-0.58,0.05,-0.1,2.0
1541,9.42,-0.17,4.46,-0.77,0.02,-0.3,2.0
1542,9.58,1.57,4.36,-0.8,-0.03,-0.25,2.0
1543,9.5,-0.21,4.44,-0.49,0.07,0.1,2.0
1544,9.66,-0.13,4.47,-0.58,0.0,-0.17,2.0
1545,9.47,1.07,4.19,-0.72,-0.05,-0.19,2.0
1546,9.41,-0.16,4.18,-0.53,0.08,0.14,2.0
1547,9.29,-0.44,4.39,-0.48,0.09,0.11,2.0
1548,8.82,0.43,4.51,-0.6,-0.05,-0.14,2.0
1549,9.05,0.48,4.58,-0.64,-0.01,-0.11,2.0
1550,9.35,0.17,4.46,-0.57,0.09,0.1,2.0
1551,9.46,-0.19,4.24,-0.57,0.02,-0.12,2.0
1552,9.23,1.45,4.41,-0.67,-0.0,-0.1,2.0
1553,9.43,0.04,4.38,-0.51,0.07,0.15,2.0
1554,9.27,-0.16,4.36,-0.63,0.01,-0.06,2.0
1555,9.52,1.64,4.47,-0.8,-0.05,-0.28,2.0
1556,9.39,-0.04,4.45,-0.44,0.14,0.18,2.0
1557,9.47,1.85,4.34,-0.65,-0.01,-0.08,2.0
1558,9.36,-0.19,4.52,-0.48,0.13,0.13,2.0
1559,9.54,-0.15,4.54,-0.64,0.02,-0.17,2.0
1560,9.23,1.25,4.63,-0.82,-0.01,-0.23,2.0
1561,9.45,0.07,4.34,-0.49,0.05,0.1,2.0
1562,9.34,0.06,4.32,-0.56,0.01,-0.01,2.0
1563,9.42,-0.31,4.3,-0.55,0.06,0.1,2.0
1564,8.88,0.49,4.41,-0.57,-0.04,-0.08,2.0
1565,9.69,0.04,4.1,-0.59,0.11,-0.05,2.0
1566,8.97,0.7,4.17,-0.64,-0.02,-0.01,2.0
1567,9.14,0.65,4.13,-0.62,-0.01,-0.07,2.0
1568,9.24,0.51,4.25,-0.61,-0.01,0.01,2.0
1569,10.39,0.56,3.72,-0.6,0.13,0.02,2.0
1570,9.2,0.52,4.24,-0.61,-0.07,0.02,2.0
1571,9.45,0.36,4.16,-0.61,-0.11,-0.03,2.0
1572,9.55,0.3,3.72,-0.58,-0.02,-0.04,2.0
1573,9.56,0.69,5.53,-0.71,-0.28,-0.03,2.0
1574,9.42,0.55,3.68,-0.54,-0.28,-0.08,2.0
1575,9.64,0.65,3.32,-0.56,-0.15,-0.03,2.0
1576,9.62,0.51,3.54,-0.46,-0.11,0.0,2.0
1577,9.54,0.53,3.04,-0.47,0.13,-0.03,2.0
1578,9.59,0.6,3.53,-0.8,-0.19,-0.01,2.0
1579,9.66,0.64,3.58,-0.74,-0.19,0.01,2.0
1580,9.72,0.34,3.31,-0.84,-0.39,0.09,2.0
1581,9.91,0.33,3.08,-0.41,0.05,-0.01,2.0
1582,9.94,0.26,3.03,-0.63,0.04,-0.0,2.0
1583,9.71,0.45,3.01,-0.4,0.28,-0.02,2.0
1584,9.63,0.5,4.0,-0.62,-0.01,-0.05,2.0
1585,9.85,0.32,2.9,-0.43,-0.07,0.05,2.0
1586,9.86,0.39,2.73,-0.26,0.13,0.02,2.0
1587,9.65,0.57,4.28,-0.83,0.23,-0.06,2.0
1588,9.74,0.62,3.51,-0.48,-0.03,0.02,2.0
1589,9.71,0.19,3.1,-0.64,-0.42,0.06,2.0
1590,9.87,0.15,2.89,-0.5,-0.07,0.03,2.0
1591,9.9,0.34,4.43,-0.6,0.28,-0.06,2.0
1592,9.42,0.63,4.74,-0.5,0.55,-0.12,2.0
1593,9.39,0.58,4.84,-0.68,0.01,-0.02,2.0
1594,9.84,0.43,3.64,-0.61,0.15,0.01,2.0
1595,9.15,0.46,5.24,-0.42,0.36,-0.0,2.0
1596,9.68,0.36,3.6,-0.63,-0.42,0.01,2.0
1597,9.64,0.35,3.57,-0.5,-0.07,-0.02,2.0
1598,9.68,0.44,3.53,-0.54,-0.03,0.0,2.0
1599,9.72,0.25,2.98,-0.64,-0.07,0.05,2.0
1600,9.89,0.41,3.32,-0.57,0.38,-0.06,2.0
1601,9.17,0.53,4.76,-0.65,0.2,-0.07,2.0
1602,9.72,0.36,3.82,-0.8,-0.32,-0.01,2.0
1603,9.74,0.33,3.34,-0.67,-0.14,-0.04,2.0
1604,9.85,0.23,3.3,-0.63,0.01,-0.08,2.0
1605,9.59,0.44,3.69,-0.6,-0.18,0.02,2.0
1606,9.28,0.55,4.86,-0.76,-0.36,0.08,2.0
1607,9.78,0.55,3.44,-0.74,-0.43,0.0,2.0
1608,9.64,0.5,3.19,-0.64,-0.06,-0.07,2.0
1609,9.91,0.27,3.35,-0.58,0.07,-0.05,2.0
1610,9.12,0.47,4.87,-0.54,0.21,-0.01,2.0
1611,8.95,0.41,5.25,-0.61,0.28,-0.07,2.0
1612,9.0,0.33,5.06,-0.59,-0.04,-0.03,2.0
1613,9.56,0.43,4.01,-0.63,0.04,-0.04,2.0
1614,9.7,0.13,3.6,-0.65,-0.4,0.04,2.0
1615,9.73,0.28,3.64,-0.59,-0.03,-0.03,2.0
1616,9.83,0.32,3.35,-0.59,0.04,-0.05,2.0
1617,9.51,0.51,3.81,-0.55,0.08,-0.11,2.0
1618,8.93,0.74,4.32,-0.58,0.0,-0.05,2.0
1619,9.4,-0.29,4.44,-0.33,0.13,0.12,2.0
1620,9.49,1.02,3.86,-0.57,-0.02,-0.06,2.0
1621,10.13,0.39,3.21,-0.54,0.04,-0.09,2.0
1622,9.22,0.63,4.14,-0.64,0.05,-0.12,2.0
1623,9.11,0.4,4.35,-0.63,0.12,-0.08,2.0
1624,8.94,0.54,4.38,-0.62,-0.17,-0.12,2.0
1625,9.68,0.77,3.57,-0.59,-0.13,-0.04,2.0
1626,9.92,0.68,4.02,-0.61,0.03,-0.07,2.0
1627,9.15,0.7,4.27,-0.63,-0.03,-0.02,2.0
1628,10.41,0.52,4.06,-0.59,-0.02,-0.06,2.0
1629,9.39,0.01,4.1,-0.63,-0.09,-0.03,2.0
1630,9.63,0.23,3.31,-0.51,-0.27,-0.01,2.0
1631,9.57,0.74,3.54,-0.52,0.2,-0.08,2.0
1632,9.79,0.27,3.04,-0.52,0.29,-0.06,2.0
1633,10.02,0.49,3.24,-0.64,-0.14,0.01,2.0
1634,9.77,0.29,3.0,-0.7,-0.09,0.01,2.0
1635,9.81,0.22,2.97,-0.54,0.12,0.01,2.0
1636,9.85,0.29,3.02,-0.62,0.15,-0.04,2.0
1637,9.17,0.53,4.12,-0.56,0.15,-0.02,2.0
1638,9.88,-0.16,3.09,-0.6,-0.13,-0.01,2.0
1639,9.91,-0.06,2.95,-0.57,-0.0,0.06,2.0
1640,9.39,0.27,3.74,-0.58,0.02,-0.05,2.0
1641,10.25,0.25,3.05,-0.61,-0.08,-0.0,2.0
1642,9.81,0.38,2.58,-0.6,-0.36,0.01,2.0
1643,10.09,0.35,2.42,-0.63,0.03,-0.0,2.0
1644,10.22,0.14,2.36,-0.66,0.03,-0.01,2.0
1645,9.75,0.07,3.61,-0.63,0.33,-0.09,2.0
1646,9.68,0.43,3.93,-0.64,0.18,-0.04,2.0
1647,9.36,0.1,4.38,-0.56,0.29,0.02,2.0
1648,9.33,0.12,4.98,-0.6,0.04,-0.07,2.0
1649,8.83,0.4,5.58,-0.66,0.09,-0.07,2.0
1650,9.64,0.27,3.92,-0.63,-0.08,-0.04,2.0
1651,9.55,0.34,3.4,-0.56,-0.24,0.0,2.0
1652,9.73,0.35,3.08,-0.6,-0.01,-0.02,2.0
1653,9.82,0.29,3.08,-0.59,0.01,-0.04,2.0
1654,9.93,0.4,3.1,-0.59,0.09,-0.02,2.0
1655,9.32,0.28,3.89,-0.59,-0.27,-0.03,2.0
1656,9.62,0.34,3.72,-0.6,-0.13,-0.03,2.0
1657,9.96,0.28,2.76,-0.56,0.28,-0.03,2.0
1658,9.39,0.34,4.25,-0.6,0.18,-0.03,2.0
1659,9.58,0.14,3.87,-0.62,-0.27,-0.02,2.0
1660,9.72,0.08,3.74,-0.58,-0.22,-0.03,2.0
1661,9.65,0.29,3.5,-0.62,-0.11,-0.03,2.0
1662,9.8,0.18,3.52,-0.63,-0.08,-0.05,2.0
1663,9.93,0.25,3.21,-0.62,-0.08,-0.04,2.0
1664,9.41,0.27,5.08,-0.61,0.0,-0.03,2.0
1665,9.73,0.17,3.11,-0.58,-0.24,-0.02,2.0
1666,9.66,0.12,3.14,-0.57,-0.04,-0.03,2.0
1667,9.77,0.36,3.06,-0.6,0.01,-0.03,2.0
1668,9.84,0.28,2.77,-0.66,0.03,-0.03,2.0
1669,9.44,0.25,4.42,-0.57,0.07,-0.03,2.0
1670,9.79,0.06,3.67,-0.71,0.09,-0.05,2.0
1671,9.91,0.67,3.26,-0.69,-0.1,-0.1,2.0
1672,9.95,0.54,3.35,-0.76,-0.05,-0.14,2.0
1673,9.83,0.96,3.44,-0.56,-0.3,-0.1,2.0
1674,9.78,0.92,3.05,-0.64,0.05,-0.02,2.0
1675,9.75,0.27,3.3,-0.64,-0.11,-0.02,2.0
1676,9.9,0.3,2.91,-0.57,-0.08,-0.01,2.0
1677,9.7,0.29,2.89,-0.57,-0.05,-0.02,2.0
1678,9.93,0.32,2.65,-0.63,0.04,-0.0,2.0
1679,9.6,0.16,3.63,-0.62,-0.13,-0.05,2.0
1680,9.88,0.11,3.64,-0.63,-0.08,-0.03,2.0
1681,9.59,0.21,3.58,-0.64,-0.09,-0.07,2.0
1682,9.63,0.2,3.45,-0.61,-0.08,-0.0,2.0
1683,9.69,0.12,3.35,-0.61,0.01,-0.01,2.0
1684,9.89,0.48,3.38,-0.4,0.68,0.01,2.0
1685,9.04,0.24,5.9,-0.54,0.53,0.0,2.0
1686,9.65,-0.08,3.34,-0.71,-0.35,0.03,2.0
1687,9.66,0.14,3.34,-0.54,0.09,-0.06,2.0
1688,9.5,0.21,4.79,-0.57,0.01,-0.0,2.0
1689,9.74,-0.11,3.5,-0.55,-0.05,-0.02,2.0
1690,9.74,0.05,3.24,-0.6,-0.06,-0.01,2.0
1691,10.2,-0.2,2.91,-0.53,-0.03,0.03,2.0
1692,9.91,-0.01,2.89,-0.58,0.24,-0.01,2.0
1693,9.62,0.15,3.99,-0.54,0.3,-0.05,2.0
1694,9.49,0.17,4.48,-0.6,0.15,-0.02,2.0
1695,9.83,-0.32,3.22,-0.29,-0.09,0.09,2.0
1696,9.83,0.45,2.62,-0.5,-0.08,-0.16,2.0
1697,9.84,0.53,2.64,-0.54,0.1,-0.1,2.0
1698,9.07,0.23,4.21,-0.63,0.3,-0.01,2.0
1699,10.7,0.27,4.2,-0.71,0.06,-0.06,2.0
1700,9.08,0.02,4.28,-0.73,0.11,-0.03,2.0
1701,8.96,0.23,4.4,-0.57,-0.07,0.04,2.0
1702,9.41,-0.1,4.06,-0.49,0.02,-0.04,2.0
1703,9.5,0.32,3.29,-0.53,-0.34,0.01,2.0
1704,9.92,0.57,3.38,-0.6,-0.27,-0.04,2.0
1705,9.88,0.45,3.11,-0.57,-0.29,0.02,2.0
1706,9.98,0.28,2.46,-0.59,-0.06,-0.02,2.0
1707,9.9,0.39,2.36,-0.6,0.0,-0.02,2.0
1708,9.84,0.26,2.66,-0.66,0.11,-0.05,2.0
1709,9.71,0.11,3.84,-0.63,0.43,0.0,2.0
1710,9.87,0.26,3.08,-0.49,-0.35,-0.08,2.0
1711,9.73,0.4,2.91,-0.55,-0.11,0.04,2.0
1712,9.83,0.23,2.96,-0.67,-0.07,-0.04,2.0
1713,9.96,0.28,2.34,-0.54,0.01,-0.02,2.0
1714,9.94,0.37,2.62,-0.59,0.03,-0.03,2.0
1715,9.66,0.34,3.89,-0.59,0.23,-0.01,2.0
1716,9.76,0.35,3.06,-0.57,-0.36,0.02,2.0
1717,9.84,0.1,2.91,-0.51,-0.35,0.04,2.0
1718,10.06,0.01,2.33,-0.62,-0.14,-0.05,2.0
1719,10.07,0.01,1.91,-0.69,0.07,-0.04,2.0
1720,9.87,-0.19,2.73,-0.59,0.36,-0.06,2.0
1721,9.75,0.08,3.52,-0.69,0.23,-0.08,2.0
1722,9.83,0.07,3.51,-0.69,0.09,-0.05,2.0
1723,9.93,0.31,2.55,-0.63,-0.39,-0.1,2.0
1724,10.07,0.28,2.14,-0.66,-0.05,-0.05,2.0
1725,9.96,0.26,2.42,-0.6,0.37,-0.01,2.0
1726,9.86,0.44,3.94,-0.68,0.24,-0.09,2.0
1727,9.44,0.68,4.73,-0.53,0.22,-0.02,2.0
1728,9.75,0.48,3.14,-0.81,-0.2,-0.06,2.0
1729,9.48,0.24,4.22,-0.63,-0.07,-0.01,2.0
1730,9.65,0.21,3.64,-0.54,-0.34,0.04,2.0
1731,9.78,0.22,2.88,-0.66,-0.45,0.02,2.0
1732,9.89,0.34,3.22,-0.58,-0.19,-0.05,2.0
1733,9.97,0.31,2.9,-0.61,-0.19,-0.06,2.0
1734,9.51,0.32,3.9,-0.49,0.26,-0.02,2.0
1735,9.49,0.24,4.39,-0.51,0.17,-0.02,2.0
1736,9.91,0.34,2.61,-0.62,-0.31,-0.0,2.0
1737,9.92,0.32,2.66,-0.48,0.12,-0.05,2.0
1738,10.05,0.41,2.6,-0.55,0.01,0.02,2.0
1739,9.82,0.27,2.9,-0.67,0.15,-0.05,2.0
1740,9.6,0.46,4.5,-0.62,-0.11,-0.04,2.0
1741,9.8,-0.04,3.58,-0.56,0.11,-0.06,2.0
1742,9.8,0.28,2.91,-0.55,-0.12,-0.03,2.0
1743,9.78,0.32,2.74,-0.61,-0.12,-0.02,2.0
1744,10.04,0.21,2.67,-0.63,-0.17,-0.03,2.0
1745,9.56,0.33,4.22,-0.56,0.09,-0.05,2.0
1746,9.53,0.75,4.68,-0.58,-0.4,0.01,2.0
1747,9.71,0.52,3.06,-0.49,-0.45,0.02,2.0
1748,9.84,0.43,2.84,-0.52,-0.02,-0.01,2.0
1749,9.86,0.52,2.97,-0.57,0.06,-0.02,2.0
1750,9.66,0.5,2.8,-0.62,0.18,0.03,2.0
1751,9.33,0.49,4.75,-0.61,0.46,-0.05,2.0
1752,9.59,0.53,3.21,-0.64,-0.23,0.01,2.0
1753,9.63,0.54,3.21,-0.53,0.08,-0.05,2.0
1754,9.62,0.54,3.35,-0.61,-0.27,0.01,2.0
1755,9.62,0.35,3.34,-0.51,-0.31,-0.06,2.0
1756,9.82,0.55,3.12,-0.55,-0.0,-0.0,2.0
1757,9.83,0.51,3.15,-0.6,0.0,-0.01,2.0
1758,9.64,0.29,3.22,-0.6,-0.1,0.03,2.0
1759,9.37,0.1,4.98,-0.65,0.16,-0.03,2.0
1760,9.85,0.47,4.04,-0.7,0.14,-0.06,2.0
1761,9.18,0.24,5.35,-0.67,-0.01,-0.08,2.0
1762,9.72,0.31,3.22,-0.55,0.02,-0.01,2.0
1763,9.39,0.34,4.57,-0.56,0.06,-0.01,2.0
1764,9.5,0.42,3.5,-0.56,-0.08,-0.02,2.0
1765,9.66,0.3,3.63,-0.72,-0.02,0.01,2.0
1766,9.7,0.27,3.4,-0.53,0.05,-0.01,2.0
1767,9.62,0.13,3.92,-0.61,-0.02,-0.0,2.0
1768,9.64,0.29,3.68,-0.65,0.06,-0.07,2.0
1769,9.71,0.31,3.62,-0.71,0.22,-0.1,2.0
1770,9.32,0.38,4.93,-0.65,0.02,-0.05,2.0
1771,9.75,0.21,2.83,-0.64,0.03,-0.02,2.0
1772,9.88,0.22,2.44,-0.54,0.17,-0.02,2.0
1773,9.36,0.11,3.85,-0.7,-0.32,-0.05,2.0
1774,9.7,0.53,3.59,-0.44,-0.21,-0.04,2.0
1775,9.62,0.39,3.78,-0.67,-0.13,-0.02,2.0
1776,9.79,0.47,3.25,-0.5,0.02,-0.0,2.0
1777,9.63,0.33,3.08,-0.51,0.24,-0.01,2.0
1778,9.57,0.13,3.62,-0.59,-0.04,-0.04,2.0
1779,9.86,0.34,3.73,-0.57,-0.05,-0.03,2.0
1780,9.45,0.32,3.91,-0.62,-0.09,-0.01,2.0
1781,9.61,0.32,3.66,-0.55,-0.02,0.03,2.0
1782,9.73,0.17,3.46,-0.57,0.17,-0.02,2.0
1783,9.39,0.18,4.06,-0.52,-0.01,-0.01,2.0
1784,9.33,0.21,4.44,-0.6,-0.01,-0.06,2.0
1785,9.46,0.39,4.1,-0.63,0.09,-0.02,2.0
1786,9.32,0.5,5.17,-0.76,-0.09,-0.02,2.0
1787,9.56,0.16,3.97,-0.64,0.23,0.01,2.0
1788,9.28,0.22,5.0,-0.55,0.09,-0.0,2.0
1789,9.53,0.33,4.06,-0.58,-0.31,-0.05,2.0
1790,9.49,0.04,3.69,-0.6,-0.18,-0.07,2.0
1791,9.6,0.12,3.77,-0.65,-0.13,0.02,2.0
1792,9.54,0.49,4.9,-0.58,0.25,-0.09,2.0
1793,9.08,0.35,4.62,-0.74,-0.0,-0.08,2.0
1794,9.05,0.22,5.83,-0.74,-0.08,-0.04,2.0
1795,9.39,0.33,4.23,-0.52,-0.39,0.03,2.0
1796,9.22,0.45,5.11,-0.67,0.08,-0.12,2.0
1797,9.27,0.04,4.3,-0.76,0.13,-0.02,2.0
1798,9.63,0.06,4.74,-0.62,0.07,-0.11,2.0
1799,9.2,0.14,4.83,-0.59,0.01,-0.09,2.0
1800,9.69,0.46,3.59,-0.6,-0.6,-0.02,2.0
1801,9.74,0.25,3.17,-0.6,-0.32,-0.01,2.0
1802,9.85,0.11,2.85,-0.62,-0.14,-0.01,2.0
1803,10.02,0.22,2.62,-0.5,0.19,-0.01,2.0
1804,9.57,0.3,4.09,-0.61,0.5,-0.04,2.0
1805,9.51,0.29,4.5,-0.65,0.48,-0.03,2.0
1806,9.28,0.23,4.7,-0.41,0.43,-0.05,2.0
1807,8.97,0.46,5.46,-0.51,0.43,-0.03,2.0
1808,9.36,0.17,4.47,-0.68,-0.3,0.07,2.0
1809,9.4,0.27,4.27,-0.66,-0.31,0.02,2.0
1810,9.67,0.16,3.73,-0.6,-0.23,-0.02,2.0
1811,9.63,0.34,3.64,-0.53,0.07,-0.05,2.0
1812,9.73,0.27,3.57,-0.62,-0.04,-0.03,2.0
1813,9.69,0.15,3.43,-0.56,0.02,-0.04,2.0
1814,9.69,0.08,3.13,-0.41,0.44,-0.08,2.0
1815,9.65,0.75,5.38,-0.56,0.67,-0.12,2.0
1816,9.08,0.34,4.46,-0.7,0.33,-0.06,2.0
1817,9.23,0.38,5.14,-0.66,0.26,-0.07,2.0
1818,9.33,0.56,5.18,-0.68,0.21,-0.14,2.0
1819,9.21,0.32,5.96,-0.85,-0.76,0.15,2.0
1820,9.32,0.08,3.56,-0.71,-0.73,0.05,2.0
1821,9.81,0.32,3.48,-0.62,-0.05,-0.04,2.0
1822,9.72,0.46,3.31,-0.58,0.11,-0.05,2.0
1823,9.65,0.41,3.16,-0.27,0.77,-0.12,2.0
1824,9.47,0.27,4.04,-0.68,-0.29,-0.02,2.0
1825,9.57,0.37,3.85,-0.66,-0.16,-0.03,2.0
1826,9.73,0.39,3.73,-0.64,-0.11,-0.02,2.0
1827,9.54,0.27,3.58,-0.54,-0.03,-0.03,2.0
1828,9.79,0.53,3.47,-0.48,0.37,-0.08,2.0
1829,9.32,0.63,4.83,-0.64,0.12,-0.05,2.0
1830,9.49,0.43,4.41,-0.91,-0.31,-0.05,2.0
1831,9.4,0.29,4.2,-0.55,-0.26,-0.02,2.0
1832,9.61,0.27,3.85,-0.56,-0.28,-0.04,2.0
1833,9.58,0.34,3.54,-0.54,0.06,0.0,2.0
1834,9.61,0.19,3.37,-0.49,0.17,0.01,2.0
1835,9.62,0.29,3.27,-0.55,0.31,-0.08,2.0
1836,9.5,0.46,4.72,-0.67,0.36,-0.02,2.0
1837,9.39,0.35,4.93,-0.63,0.31,-0.05,2.0
1838,9.27,0.38,4.97,-0.59,0.25,-0.03,2.0
1839,9.28,0.32,5.17,-0.6,0.18,0.02,2.0
1840,9.2,0.16,4.02,-0.58,-0.19,0.03,2.0
1841,9.54,0.37,3.99,-0.58,-0.31,-0.02,2.0
1842,9.49,0.12,3.85,-0.58,-0.24,-0.05,2.0
1843,9.55,0.28,3.8,-0.62,-0.27,-0.04,2.0
1844,9.84,0.16,3.45,-0.59,0.24,0.02,2.0
1845,9.44,0.26,4.72,-0.73,0.22,-0.01,2.0
1846,9.41,0.16,4.87,-0.59,0.34,-0.03,2.0
1847,9.18,-0.01,5.03,-0.57,0.22,-0.0,2.0
1848,9.78,0.22,4.03,-0.8,-0.73,-0.03,2.0
1849,9.54,0.01,4.79,-0.47,0.42,0.07,2.0
1850,9.21,0.28,5.12,-0.56,0.34,-0.09,2.0
1851,8.82,0.27,5.55,-0.52,0.16,-0.03,2.0
1852,9.41,0.47,4.61,-0.66,-0.19,-0.03,2.0
1853,8.93,0.19,5.88,-0.69,-0.32,-0.08,2.0
1854,9.43,0.33,4.12,-0.61,-0.4,-0.04,2.0
1855,9.46,0.19,4.04,-0.69,-0.33,-0.05,2.0
1856,9.57,0.32,3.78,-0.66,-0.11,-0.02,2.0
1857,9.52,0.26,3.69,-0.59,0.16,-0.03,2.0
1858,8.67,0.43,4.86,-0.56,0.12,-0.06,2.0
1859,9.27,-0.08,3.77,-0.58,-0.09,0.07,2.0
1860,9.81,-0.06,5.59,-1.01,0.17,-0.27,2.0
1861,8.66,0.27,5.5,-0.8,0.19,-0.03,2.0
1862,9.33,-0.11,5.52,-0.58,0.06,0.14,2.0
1863,8.3,0.82,5.45,-0.75,0.15,0.01,2.0
1864,10.09,-0.77,5.56,-0.62,0.19,0.12,2.0
1865,8.42,-0.07,5.99,-0.59,0.27,-0.09,2.0
1866,8.72,-0.56,6.17,-0.55,-0.03,0.22,2.0
1867,7.86,2.07,6.25,-1.02,-0.53,-0.86,2.0
1868,8.93,0.09,5.77,-0.57,0.07,0.32,2.0
1869,7.98,0.95,5.94,-0.55,0.14,0.29,2.0
1870,8.88,-0.28,5.97,-0.51,0.12,0.4,2.0
1871,8.9,-0.38,6.06,-0.6,0.05,0.02,2.0
1872,8.79,-0.55,6.12,-0.54,0.02,0.23,2.0
1873,8.59,-0.66,6.26,-0.54,-0.06,-0.05,2.0
1874,8.7,0.5,5.82,-0.51,-0.06,0.02,2.0
1875,8.77,-0.24,5.58,-0.53,-0.03,0.12,2.0
1876,8.88,-0.24,5.6,-0.56,-0.01,0.07,2.0
1877,8.98,-0.28,5.86,-0.72,0.03,0.02,2.0
1878,8.38,0.11,6.1,-0.34,0.05,0.25,2.0
1879,8.71,-0.63,5.5,-0.66,0.17,-0.04,2.0
1880,8.96,-0.16,5.02,-0.53,-0.4,-0.09,2.0
1881,9.22,-0.08,4.76,-0.54,-0.37,-0.09,2.0
1882,9.07,-0.05,4.45,-0.61,-0.27,-0.09,2.0
1883,9.47,-0.05,4.3,-0.59,0.04,0.06,2.0
1884,9.3,0.0,4.57,-0.7,-0.59,-0.03,2.0
1885,9.5,0.07,3.73,-0.74,0.04,-0.02,2.0
1886,9.05,-0.19,5.49,-0.49,0.51,-0.01,2.0
1887,8.98,-0.11,5.32,-0.54,0.31,0.0,2.0
1888,8.68,-0.02,5.88,-0.56,0.33,-0.06,2.0
1889,9.17,-0.17,5.15,-0.47,-0.33,0.02,2.0
1890,9.25,-0.0,4.67,-0.48,-0.3,-0.02,2.0
1891,9.19,0.06,4.74,-0.72,-0.08,-0.06,2.0
1892,9.25,-0.01,4.66,-0.65,-0.04,0.0,2.0
1893,9.34,-0.17,4.55,-0.6,-0.16,-0.01,2.0
1894,9.39,-0.15,4.09,-0.64,-0.29,-0.07,2.0
1895,9.49,-0.05,3.93,-0.65,0.06,-0.06,2.0
1896,9.06,0.1,5.7,-0.66,0.19,-0.04,2.0
1897,9.48,0.0,3.76,-0.89,-0.11,-0.04,2.0
1898,9.29,0.3,5.09,-0.58,0.18,-0.04,2.0
1899,8.9,0.19,5.41,-0.46,-0.03,-0.06,2.0
1900,9.72,0.23,3.82,-0.71,-0.24,-0.02,2.0
1901,9.55,0.32,4.18,-0.61,0.05,-0.0,2.0
1902,9.73,0.23,3.83,-0.63,-0.01,-0.07,2.0
1903,9.79,0.38,3.68,-0.64,0.09,-0.03,2.0
1904,9.44,0.17,3.9,-0.52,-0.38,-0.05,2.0
1905,9.43,0.23,3.85,-0.62,-0.16,-0.02,2.0
1906,9.72,0.3,3.91,-0.58,-0.03,0.02,2.0
1907,9.73,0.17,3.66,-0.61,0.24,0.03,2.0
1908,9.49,0.21,4.37,-0.66,-0.13,-0.04,2.0
1909,9.39,0.18,4.03,-0.68,-0.06,-0.05,2.0
1910,9.48,0.26,4.02,-0.62,-0.05,-0.11,2.0
1911,9.52,0.23,4.17,-0.58,0.07,0.02,2.0
1912,9.44,0.33,4.28,-0.64,0.01,-0.01,2.0
1913,9.16,0.3,4.22,-0.58,0.13,-0.02,2.0
1914,9.49,0.24,4.3,-0.58,-0.06,-0.08,2.0
1915,9.52,0.27,3.94,-0.56,0.02,-0.08,2.0
1916,9.52,0.4,4.27,-0.57,0.11,-0.07,2.0
1917,9.64,0.58,3.62,-0.62,-0.07,-0.01,2.0
1918,9.4,0.5,3.56,-0.56,0.19,-0.0,2.0
1919,9.25,0.5,5.5,-0.63,0.06,-0.02,2.0
1920,9.24,0.76,3.56,-0.55,0.23,0.02,2.0
1921,9.41,0.46,5.15,-0.61,0.13,-0.0,2.0
1922,9.03,0.44,5.38,-0.66,0.21,-0.05,2.0
1923,9.17,0.24,4.57,-0.45,-0.03,-0.02,2.0
1924,9.6,0.55,4.17,-0.58,0.05,-0.02,2.0
1925,9.12,0.47,4.74,-0.57,0.11,-0.04,2.0
1926,9.47,0.55,4.4,-0.66,0.13,-0.03,2.0
1927,9.01,0.51,5.18,-0.7,0.09,-0.08,2.0
1928,9.45,0.47,4.23,-0.62,-0.03,-0.04,2.0
1929,9.67,0.45,4.1,-0.63,0.08,0.02,2.0
1930,9.42,0.45,3.95,-0.63,0.1,-0.02,2.0
1931,9.43,0.42,4.39,-0.62,-0.17,0.0,2.0
1932,9.5,0.41,4.28,-0.7,-0.13,0.02,2.0
1933,9.34,0.34,4.22,-0.7,-0.11,0.04,2.0
1934,9.38,0.32,4.04,-0.58,-0.17,0.03,2.0
1935,9.52,0.26,3.95,-0.55,-0.16,0.02,2.0
1936,9.89,0.42,3.72,-0.62,-0.12,0.01,2.0
1937,9.75,0.17,3.79,-0.69,-0.07,0.01,2.0
1938,9.7,0.25,3.72,-0.68,-0.06,-0.0,2.0
1939,9.8,0.28,3.25,-0.61,-0.07,-0.06,2.0
1940,9.87,0.36,3.17,-0.63,-0.0,-0.06,2.0
1941,9.71,0.25,3.19,-0.65,-0.0,-0.04,2.0
1942,10.41,0.68,3.81,-0.42,0.12,0.04,2.0
1943,8.93,0.51,3.9,-0.48,0.12,-0.02,2.0
1944,9.18,0.55,5.3,-0.71,-0.11,-0.01,2.0
1945,9.38,0.4,4.07,-0.61,0.02,-0.03,2.0
1946,8.79,0.2,5.67,-0.71,-0.03,-0.08,2.0
1947,9.5,0.4,4.75,-0.77,-0.24,-0.06,2.0
1948,9.47,0.51,4.13,-0.53,-0.2,-0.1,2.0
1949,9.28,0.41,4.32,-0.6,-0.01,-0.03,2.0
1950,9.44,0.36,4.12,-0.67,0.05,-0.01,2.0
1951,9.56,0.28,3.78,-0.41,0.07,0.03,2.0
1952,9.46,0.5,3.78,-0.5,0.1,0.04,2.0
1953,9.81,0.53,4.11,-0.74,-0.17,-0.04,2.0
1954,9.73,0.4,3.82,-0.64,-0.14,0.01,2.0
1955,9.61,0.39,3.27,-0.52,-0.33,-0.01,2.0
1956,9.69,0.18,2.86,-0.6,-0.08,0.01,2.0
1957,9.41,0.36,4.46,-0.68,0.08,-0.05,2.0
1958,9.59,0.27,4.12,-0.61,-0.29,-0.02,2.0
1959,9.43,0.27,3.54,-0.63,-0.1,-0.01,2.0
1960,9.16,0.6,5.28,-0.7,0.13,-0.07,2.0
1961,9.55,0.17,3.51,-0.76,-0.47,-0.07,2.0
1962,9.45,0.39,3.62,-0.61,0.11,-0.02,2.0
1963,9.46,0.32,3.31,-0.49,0.31,-0.01,2.0
1964,9.51,0.31,4.68,-0.62,0.21,-0.03,2.0
1965,9.55,0.41,4.77,-0.63,0.17,0.03,2.0
1966,9.54,0.24,3.9,-0.55,-0.18,-0.02,2.0
1967,9.64,0.11,3.66,-0.59,-0.07,-0.02,2.0
1968,9.72,0.34,3.53,-0.63,-0.0,-0.01,2.0
1969,9.85,0.4,3.39,-0.57,0.08,-0.03,2.0
1970,10.23,0.34,2.8,-0.62,-0.06,-0.06,2.0
1971,9.6,0.22,4.38,-0.61,0.1,-0.08,2.0
1972,10.07,0.19,3.05,-0.59,0.0,-0.06,2.0
1973,9.31,0.12,4.82,-0.59,0.16,-0.02,2.0
1974,9.96,0.08,2.41,-0.55,-0.27,-0.02,2.0
1975,9.76,0.29,3.81,-0.62,-0.12,-0.07,2.0
1976,9.82,0.12,3.49,-0.6,-0.17,-0.04,2.0
1977,10.0,0.25,2.87,-0.6,-0.03,0.0,2.0
1978,9.9,0.3,2.88,-0.6,-0.0,-0.0,2.0
1979,9.91,0.4,2.68,-0.72,-0.46,-0.03,2.0
1980,9.92,0.02,2.35,-0.5,-0.06,-0.02,2.0
1981,9.98,0.14,2.29,-0.61,-0.01,-0.02,2.0
1982,10.08,0.2,2.46,-0.59,-0.07,-0.03,2.0
1983,10.03,0.13,2.38,-0.46,0.14,-0.07,2.0
1984,10.05,0.12,2.28,-0.5,0.39,-0.06,2.0
1985,9.59,0.23,4.41,-0.55,0.18,-0.0,2.0
1986,9.59,0.37,4.19,-0.42,0.19,-0.02,2.0
1987,9.91,0.14,3.12,-0.64,-0.21,-0.01,2.0
1988,9.86,0.03,2.82,-0.63,-0.09,0.0,2.0
1989,9.96,0.03,2.65,-0.61,-0.16,-0.02,2.0
1990,9.84,0.15,2.6,-0.6,-0.06,-0.01,2.0
1991,9.61,0.07,3.75,-0.57,0.34,-0.01,2.0
1992,9.76,0.1,3.09,-0.61,-0.13,-0.05,2.0
1993,9.9,0.14,2.89,-0.57,-0.11,-0.05,2.0
1994,9.92,0.05,2.97,-0.63,-0.13,-0.02,2.0
1995,9.95,0.17,2.77,-0.63,-0.08,-0.03,2.0
1996,10.03,0.09,2.65,-0.6,-0.07,-0.04,2.0
1997,10.08,0.03,2.43,-0.62,0.01,-0.04,2.0
1998,9.57,0.14,4.34,-0.49,-0.03,-0.08,2.0
1999,9.58,0.13,2.62,-0.89,0.15,-0.06,2.0
2000,9.72,0.49,4.02,-0.67,-0.35,-0.07,2.0
2001,9.82,0.31,2.53,-0.68,-0.41,-0.02,2.0
2002,10.14,0.03,2.71,-0.35,-0.06,0.04,2.0
2003,10.08,0.11,2.62,-0.32,0.01,0.05,2.0
2004,9.63,0.62,2.78,-0.54,-0.44,-0.04,2.0
2005,9.92,0.65,1.9,-0.44,0.35,0.11,2.0
2006,10.07,0.08,1.99,-0.72,0.04,0.01,2.0
2007,9.65,0.64,4.03,-0.59,0.33,0.02,2.0
2008,9.46,0.42,4.33,-0.64,0.31,0.03,2.0
2009,9.61,0.38,4.14,-0.51,0.11,0.04,2.0
2010,9.38,0.24,4.96,-0.73,-0.03,-0.02,2.0
2011,9.24,-0.17,4.25,-0.63,-0.02,-0.01,2.0
2012,9.52,-0.7,3.81,-0.62,0.08,-0.11,2.0
2013,9.2,0.06,3.81,-0.61,-0.09,-0.05,2.0
2014,9.59,0.05,3.35,-0.65,-0.2,-0.03,2.0
2015,9.84,0.03,3.43,-0.65,-0.52,-0.03,2.0
2016,9.79,0.14,3.31,-0.61,-0.13,-0.03,2.0
2017,10.03,0.06,2.77,-0.64,-0.1,0.02,2.0
2018,9.74,-0.05,2.75,-0.67,-0.17,-0.02,2.0
2019,9.91,0.06,2.52,-0.56,0.06,0.0,2.0
2020,9.56,0.26,4.43,-0.43,0.53,-0.14,2.0
2021,9.62,-0.02,3.55,-0.83,-0.19,-0.02,2.0
2022,9.54,0.19,3.62,-0.61,-0.19,-0.05,2.0
2023,9.7,0.22,3.38,-0.68,-0.36,-0.03,2.0
2024,9.82,0.23,2.99,-0.59,0.17,-0.02,2.0
2025,9.75,0.11,2.7,-0.46,0.38,-0.03,2.0
2026,9.43,0.25,5.22,-0.51,-0.03,-0.03,2.0
2027,9.42,0.26,2.93,-0.71,-0.3,0.04,2.0
2028,9.63,0.66,5.05,-0.67,-0.22,-0.02,2.0
2029,9.7,0.26,2.57,-0.6,-0.43,-0.05,2.0
2030,9.86,0.33,2.88,-0.63,-0.04,-0.0,2.0
2031,9.92,0.22,2.63,-0.62,-0.13,-0.01,2.0
2032,9.95,0.17,2.32,-0.59,-0.04,-0.02,2.0
2033,10.08,0.09,2.17,-0.76,-0.28,0.02,2.0
2034,10.01,0.23,2.09,-0.56,0.14,-0.01,2.0
2035,9.81,0.26,3.28,-0.46,0.35,-0.03,2.0
2036,9.81,0.31,3.61,-0.52,0.3,-0.02,2.0
2037,9.74,0.22,3.05,-0.55,-0.05,-0.01,2.0
2038,9.9,0.17,2.93,-0.67,0.01,0.01,2.0
2039,9.94,0.23,2.85,-0.42,0.24,-0.0,2.0
2040,9.51,0.33,4.13,-0.64,0.0,-0.03,2.0
2041,9.7,0.28,3.5,-0.54,-0.21,-0.04,2.0
2042,9.79,0.39,3.23,-0.69,-0.26,-0.03,2.0
2043,9.82,0.26,2.63,-0.67,-0.13,-0.02,2.0
2044,9.92,0.21,3.0,-0.62,-0.05,-0.03,2.0
2045,9.79,0.26,2.77,-0.64,-0.08,-0.03,2.0
2046,9.8,0.31,3.32,-0.73,-0.27,0.01,2.0
2047,9.79,0.26,2.86,-0.66,-0.16,0.0,2.0
2048,9.84,0.29,2.83,-0.66,-0.12,-0.03,2.0
2049,10.01,0.15,2.84,-0.64,0.01,-0.02,2.0
2050,9.99,0.09,2.66,-0.64,-0.06,-0.03,2.0
2051,9.9,0.19,2.48,-0.67,0.16,-0.03,2.0
2052,10.11,0.01,1.97,-0.61,0.66,-0.04,2.0
2053,9.51,0.34,4.98,-0.7,0.72,-0.06,2.0
2054,9.82,0.27,2.98,-0.62,-0.05,-0.04,2.0
2055,10.0,0.14,2.63,-0.6,-0.14,-0.03,2.0
2056,9.98,0.29,2.67,-0.66,-0.08,-0.03,2.0
2057,10.12,0.18,2.48,-0.6,0.01,-0.03,2.0
2058,9.99,0.4,2.5,-0.53,0.16,-0.01,2.0
2059,9.58,0.3,4.14,-0.62,0.22,-0.02,2.0
2060,9.42,0.27,4.54,-0.6,-0.08,-0.05,2.0
2061,9.64,0.33,3.8,-0.57,0.08,-0.03,2.0
2062,9.6,0.46,4.21,-0.62,0.0,-0.04,2.0
2063,9.66,0.37,3.99,-0.55,-0.04,-0.03,2.0
2064,9.35,0.27,4.64,-0.58,0.12,-0.06,2.0
2065,9.65,0.45,3.84,-0.67,-0.05,-0.05,2.0
2066,9.7,0.5,3.78,-0.69,-0.14,-0.01,2.0
2067,9.46,0.5,3.57,-0.47,-0.1,-0.01,2.0
2068,9.7,0.44,3.37,-0.66,-0.1,-0.03,2.0
2069,9.78,0.4,2.96,-0.72,-0.23,-0.01,2.0
2070,9.84,0.46,2.99,-0.57,-0.11,-0.03,2.0
2071,9.76,0.38,2.95,-0.63,-0.09,-0.05,2.0
2072,9.88,0.41,2.89,-0.66,-0.06,-0.03,2.0
2073,9.97,0.31,2.49,-0.48,0.0,-0.01,2.0
2074,9.9,0.35,2.35,-0.46,0.15,-0.04,2.0
2075,9.67,0.41,3.81,-0.52,0.41,-0.03,2.0
2076,9.7,-0.21,3.91,-0.65,0.27,0.08,2.0
